operating_day,avg_delay
Monday,4.571443518328289
Tuesday,4.578994511783525
Wednesday,4.553746074604523
Thursday,4.561150112734603
Friday,4.562214265294449
Saturday,2.5822910251427555
Sunday,2.5393194364876828
