feature,importance
scheduled_duration_minutes,0.019154400755767825
day_idx,0.14510967870799626
historical_avg_delay,0.20383374800595647
hour,0.30736987659665754
route_idx,0.3245322959336218
