fpr,tpr
0.0,0.0
0.0003139717425431711,0.0
0.0003139717425431711,0.0029981549815498157
0.0006279434850863422,0.0029981549815498157
0.0006279434850863422,0.0032287822878228783
0.0009419152276295133,0.0032287822878228783
0.0009419152276295133,0.005996309963099631
0.0012558869701726845,0.005996309963099631
0.0012558869701726845,0.006918819188191882
0.0015698587127158557,0.006918819188191882
0.0015698587127158557,0.007380073800738007
0.0018838304552590266,0.007380073800738007
0.0018838304552590266,0.00761070110701107
0.002511773940345369,0.00761070110701107
0.002511773940345369,0.009455719557195572
0.00282574568288854,0.009455719557195572
0.00282574568288854,0.009916974169741697
0.0031397174254317113,0.009916974169741697
0.0031397174254317113,0.011531365313653136
0.0037676609105180532,0.011531365313653136
0.0037676609105180532,0.0117619926199262
0.004081632653061225,0.0117619926199262
0.004081632653061225,0.011992619926199263
0.004395604395604396,0.011992619926199263
0.004395604395604396,0.012915129151291513
0.004709576138147566,0.012915129151291513
0.004709576138147566,0.01429889298892989
0.005337519623233909,0.01429889298892989
0.005337519623233909,0.014529520295202951
0.00565149136577708,0.014529520295202951
0.00565149136577708,0.014990774907749077
0.005965463108320251,0.014990774907749077
0.005965463108320251,0.015452029520295204
0.006279434850863423,0.015452029520295204
0.006279434850863423,0.015913284132841328
0.006593406593406593,0.015913284132841328
0.006593406593406593,0.017527675276752766
0.006907378335949764,0.017527675276752766
0.006907378335949764,0.019833948339483393
0.007221350078492936,0.019833948339483393
0.007221350078492936,0.020064575645756456
0.0075353218210361065,0.020064575645756456
0.0075353218210361065,0.02029520295202952
0.007849293563579277,0.02029520295202952
0.007849293563579277,0.021448339483394835
0.00816326530612245,0.021448339483394835
0.00816326530612245,0.023754612546125462
0.00847723704866562,0.023754612546125462
0.00847723704866562,0.02467712177121771
0.008791208791208791,0.02467712177121771
0.008791208791208791,0.024907749077490774
0.009105180533751962,0.024907749077490774
0.009105180533751962,0.0253690036900369
0.009733124018838305,0.0253690036900369
0.009733124018838305,0.025599630996309963
0.010047095761381476,0.025599630996309963
0.010047095761381476,0.02606088560885609
0.010361067503924647,0.02606088560885609
0.010361067503924647,0.027444649446494464
0.010675039246467817,0.027444649446494464
0.010675039246467817,0.030673431734317344
0.01130298273155416,0.030673431734317344
0.01130298273155416,0.030904059040590407
0.011616954474097331,0.030904059040590407
0.011616954474097331,0.031595940959409596
0.012244897959183673,0.031595940959409596
0.012244897959183673,0.03228782287822878
0.012872841444270016,0.03228782287822878
0.012872841444270016,0.035747232472324725
0.013186813186813187,0.035747232472324725
0.013186813186813187,0.035977859778597784
0.013500784929356358,0.035977859778597784
0.013500784929356358,0.03666974169741698
0.013814756671899528,0.03666974169741698
0.013814756671899528,0.03690036900369004
0.014442700156985872,0.03690036900369004
0.014442700156985872,0.03736162361623616
0.014756671899529042,0.03736162361623616
0.014756671899529042,0.038284132841328415
0.015070643642072213,0.038284132841328415
0.015070643642072213,0.0389760147601476
0.015384615384615385,0.0389760147601476
0.015384615384615385,0.03920664206642067
0.015698587127158554,0.03920664206642067
0.015698587127158554,0.04035977859778598
0.01664050235478807,0.04035977859778598
0.01664050235478807,0.040821033210332106
0.01726844583987441,0.040821033210332106
0.01726844583987441,0.04128228782287823
0.017582417582417582,0.04128228782287823
0.017582417582417582,0.04151291512915129
0.017896389324960755,0.04151291512915129
0.017896389324960755,0.04174354243542435
0.018210361067503924,0.04174354243542435
0.018210361067503924,0.04220479704797048
0.018524332810047096,0.04220479704797048
0.018524332810047096,0.04289667896678967
0.018838304552590265,0.04289667896678967
0.018838304552590265,0.04312730627306273
0.01946624803767661,0.04312730627306273
0.01946624803767661,0.04428044280442804
0.01978021978021978,0.04428044280442804
0.01978021978021978,0.04474169741697417
0.020094191522762952,0.04474169741697417
0.020094191522762952,0.045202952029520294
0.02040816326530612,0.045202952029520294
0.02040816326530612,0.04566420664206642
0.020722135007849293,0.04566420664206642
0.020722135007849293,0.045894833948339486
0.021036106750392466,0.045894833948339486
0.021036106750392466,0.0470479704797048
0.021350078492935635,0.0470479704797048
0.021350078492935635,0.04727859778597786
0.021664050235478807,0.04727859778597786
0.021664050235478807,0.047509225092250924
0.02197802197802198,0.047509225092250924
0.02197802197802198,0.047739852398523984
0.02229199372056515,0.047739852398523984
0.02229199372056515,0.05119926199261993
0.02291993720565149,0.05119926199261993
0.02291993720565149,0.05235239852398524
0.023233908948194663,0.05235239852398524
0.023233908948194663,0.052583025830258305
0.023547880690737835,0.052583025830258305
0.023547880690737835,0.052813653136531365
0.02511773940345369,0.052813653136531365
0.02511773940345369,0.05304428044280443
0.02543171114599686,0.05304428044280443
0.02543171114599686,0.05373616236162362
0.025745682888540032,0.05373616236162362
0.025745682888540032,0.0544280442804428
0.0260596546310832,0.0544280442804428
0.0260596546310832,0.05719557195571956
0.026687598116169546,0.05719557195571956
0.026687598116169546,0.057887453874538745
0.027001569858712715,0.057887453874538745
0.027001569858712715,0.05996309963099631
0.02794348508634223,0.05996309963099631
0.02794348508634223,0.06134686346863469
0.0282574568288854,0.06134686346863469
0.0282574568288854,0.061808118081180814
0.02857142857142857,0.061808118081180814
0.02857142857142857,0.062038745387453874
0.028885400313971743,0.062038745387453874
0.028885400313971743,0.06273062730627306
0.029199372056514912,0.06273062730627306
0.029199372056514912,0.06388376383763837
0.030141287284144426,0.06388376383763837
0.030141287284144426,0.06619003690036901
0.031711145996860285,0.06619003690036901
0.031711145996860285,0.06734317343173432
0.032025117739403454,0.06734317343173432
0.032025117739403454,0.07011070110701106
0.0326530612244898,0.07011070110701106
0.0326530612244898,0.07103321033210332
0.03296703296703297,0.07103321033210332
0.03296703296703297,0.07172509225092251
0.03328100470957614,0.07172509225092251
0.03328100470957614,0.07195571955719557
0.033594976452119306,0.07195571955719557
0.033594976452119306,0.07333948339483395
0.03390894819466248,0.07333948339483395
0.03390894819466248,0.07357011070110701
0.03422291993720565,0.07357011070110701
0.03422291993720565,0.07380073800738007
0.03453689167974882,0.07380073800738007
0.03453689167974882,0.07403136531365313
0.034850863422291996,0.07403136531365313
0.034850863422291996,0.07449261992619927
0.035164835164835165,0.07449261992619927
0.035164835164835165,0.07541512915129152
0.03579277864992151,0.07541512915129152
0.03579277864992151,0.07633763837638377
0.03610675039246468,0.07633763837638377
0.03610675039246468,0.07702952029520295
0.03704866562009419,0.07702952029520295
0.03704866562009419,0.07818265682656826
0.03736263736263736,0.07818265682656826
0.03736263736263736,0.07887453874538745
0.03767660910518053,0.07887453874538745
0.03767660910518053,0.08002767527675277
0.03799058084772371,0.08002767527675277
0.03799058084772371,0.08025830258302583
0.038618524332810045,0.08025830258302583
0.038618524332810045,0.0804889298892989
0.03893249607535322,0.0804889298892989
0.03893249607535322,0.08095018450184502
0.03924646781789639,0.08095018450184502
0.03924646781789639,0.08210332103321033
0.03956043956043956,0.08210332103321033
0.03956043956043956,0.08233394833948339
0.040188383045525904,0.08233394833948339
0.040188383045525904,0.08256457564575646
0.04050235478806907,0.08256457564575646
0.04050235478806907,0.08279520295202952
0.04081632653061224,0.08279520295202952
0.04081632653061224,0.08302583025830258
0.04144427001569859,0.08302583025830258
0.04144427001569859,0.08325645756457564
0.04207221350078493,0.08325645756457564
0.04207221350078493,0.08487084870848709
0.0423861852433281,0.08487084870848709
0.0423861852433281,0.08510147601476015
0.043014128728414446,0.08510147601476015
0.043014128728414446,0.08579335793357934
0.043328100470957615,0.08579335793357934
0.043328100470957615,0.0860239852398524
0.04395604395604396,0.0860239852398524
0.04395604395604396,0.08717712177121771
0.04427001569858713,0.08717712177121771
0.04427001569858713,0.08833025830258302
0.0445839874411303,0.08833025830258302
0.0445839874411303,0.08994464944649447
0.04521193092621664,0.08994464944649447
0.04521193092621664,0.09063653136531365
0.04583987441130298,0.09063653136531365
0.04583987441130298,0.0915590405904059
0.046153846153846156,0.0915590405904059
0.046153846153846156,0.09294280442804428
0.046467817896389325,0.09294280442804428
0.046467817896389325,0.09478782287822879
0.046781789638932494,0.09478782287822879
0.046781789638932494,0.09617158671586716
0.04709576138147567,0.09617158671586716
0.04709576138147567,0.09709409594095941
0.04740973312401884,0.09709409594095941
0.04740973312401884,0.09801660516605167
0.04803767660910518,0.09801660516605167
0.04803767660910518,0.0996309963099631
0.04835164835164835,0.0996309963099631
0.04835164835164835,0.1021678966789668
0.04897959183673469,0.1021678966789668
0.04897959183673469,0.10262915129151291
0.049607535321821036,0.10262915129151291
0.049607535321821036,0.1040129151291513
0.049921507064364205,0.1040129151291513
0.049921507064364205,0.10424354243542436
0.05086342229199372,0.10424354243542436
0.05086342229199372,0.10447416974169742
0.051491365777080064,0.10447416974169742
0.051491365777080064,0.10470479704797048
0.0521193092621664,0.10470479704797048
0.0521193092621664,0.10516605166051661
0.05243328100470958,0.10516605166051661
0.05243328100470958,0.10539667896678967
0.05368916797488226,0.10539667896678967
0.05368916797488226,0.10562730627306273
0.05400313971742543,0.10562730627306273
0.05400313971742543,0.10631918819188192
0.054945054945054944,0.10631918819188192
0.054945054945054944,0.1088560885608856
0.05525902668759811,0.1088560885608856
0.05525902668759811,0.11047047970479705
0.05620094191522763,0.11047047970479705
0.05620094191522763,0.11116236162361623
0.0565149136577708,0.11116236162361623
0.0565149136577708,0.1113929889298893
0.05714285714285714,0.1113929889298893
0.05714285714285714,0.11185424354243542
0.05745682888540032,0.11185424354243542
0.05745682888540032,0.11277675276752767
0.058398744113029824,0.11277675276752767
0.058398744113029824,0.11369926199261993
0.058712715855573,0.11369926199261993
0.058712715855573,0.11392988929889299
0.05902668759811617,0.11392988929889299
0.05902668759811617,0.11485239852398524
0.059654631083202514,0.11485239852398524
0.059654631083202514,0.11600553505535055
0.05996860282574568,0.11600553505535055
0.05996860282574568,0.117619926199262
0.06028257456828885,0.117619926199262
0.06028257456828885,0.11808118081180811
0.06059654631083203,0.11808118081180811
0.06059654631083203,0.11877306273062731
0.0609105180533752,0.11877306273062731
0.0609105180533752,0.11923431734317343
0.061224489795918366,0.11923431734317343
0.061224489795918366,0.12107933579335793
0.06153846153846154,0.12107933579335793
0.06153846153846154,0.12130996309963099
0.06185243328100471,0.12130996309963099
0.06185243328100471,0.12246309963099632
0.06216640502354788,0.12246309963099632
0.06216640502354788,0.12361623616236163
0.06248037676609105,0.12361623616236163
0.06248037676609105,0.12384686346863469
0.06279434850863422,0.12384686346863469
0.06279434850863422,0.12476937269372694
0.0631083202511774,0.12476937269372694
0.0631083202511774,0.12546125461254612
0.06373626373626373,0.12546125461254612
0.06373626373626373,0.1256918819188192
0.06467817896389325,0.1256918819188192
0.06467817896389325,0.12892066420664205
0.06499215070643642,0.12892066420664205
0.06499215070643642,0.12961254612546125
0.0653061224489796,0.12961254612546125
0.0653061224489796,0.12984317343173432
0.06562009419152276,0.12984317343173432
0.06562009419152276,0.13030442804428044
0.06593406593406594,0.13030442804428044
0.06593406593406594,0.13214944649446494
0.06624803767660911,0.13214944649446494
0.06624803767660911,0.13238007380073802
0.06687598116169545,0.13238007380073802
0.06687598116169545,0.13261070110701106
0.06718995290423861,0.13261070110701106
0.06718995290423861,0.13353321033210333
0.06750392464678179,0.13353321033210333
0.06750392464678179,0.13422509225092252
0.06813186813186813,0.13422509225092252
0.06813186813186813,0.13445571955719557
0.06875981161695448,0.13445571955719557
0.06875981161695448,0.13468634686346864
0.06907378335949764,0.13468634686346864
0.06907378335949764,0.13630073800738007
0.06970172684458399,0.13630073800738007
0.06970172684458399,0.1367619926199262
0.0706436420722135,0.1367619926199262
0.0706436420722135,0.13699261992619927
0.07095761381475667,0.13699261992619927
0.07095761381475667,0.1372232472324723
0.07127158555729984,0.1372232472324723
0.07127158555729984,0.13745387453874539
0.07158555729984302,0.13745387453874539
0.07158555729984302,0.1379151291512915
0.07189952904238618,0.1379151291512915
0.07189952904238618,0.13814575645756458
0.07221350078492936,0.13814575645756458
0.07221350078492936,0.1386070110701107
0.0728414442700157,0.1386070110701107
0.0728414442700157,0.1392988929889299
0.07315541601255887,0.1392988929889299
0.07315541601255887,0.1404520295202952
0.07346938775510205,0.1404520295202952
0.07346938775510205,0.14068265682656828
0.07378335949764521,0.14068265682656828
0.07378335949764521,0.1422970479704797
0.07409733124018839,0.1422970479704797
0.07409733124018839,0.14321955719557194
0.07441130298273155,0.14321955719557194
0.07441130298273155,0.14437269372693726
0.07472527472527472,0.14437269372693726
0.07472527472527472,0.14575645756457564
0.07598116169544741,0.14575645756457564
0.07598116169544741,0.14690959409594095
0.07660910518053375,0.14690959409594095
0.07660910518053375,0.14737084870848707
0.07692307692307693,0.14737084870848707
0.07692307692307693,0.14760147601476015
0.07786499215070644,0.14760147601476015
0.07786499215070644,0.14852398523985239
0.07849293563579278,0.14852398523985239
0.07849293563579278,0.14898523985239853
0.07912087912087912,0.14898523985239853
0.07912087912087912,0.14921586715867158
0.0794348508634223,0.14921586715867158
0.0794348508634223,0.14967712177121772
0.07974882260596547,0.14967712177121772
0.07974882260596547,0.14990774907749077
0.08006279434850863,0.14990774907749077
0.08006279434850863,0.15013837638376384
0.08037676609105181,0.15013837638376384
0.08037676609105181,0.1503690036900369
0.08069073783359498,0.1503690036900369
0.08069073783359498,0.15059963099630996
0.08100470957613815,0.15059963099630996
0.08100470957613815,0.1515221402214022
0.08131868131868132,0.1515221402214022
0.08131868131868132,0.15198339483394835
0.08163265306122448,0.15198339483394835
0.08163265306122448,0.1522140221402214
0.08194662480376766,0.1522140221402214
0.08194662480376766,0.15267527675276754
0.08288854003139717,0.15267527675276754
0.08288854003139717,0.15313653136531366
0.08320251177394035,0.15313653136531366
0.08320251177394035,0.1552121771217712
0.08351648351648351,0.1552121771217712
0.08351648351648351,0.15544280442804428
0.08383045525902669,0.15544280442804428
0.08383045525902669,0.15636531365313652
0.08414442700156986,0.15636531365313652
0.08414442700156986,0.1565959409594096
0.08445839874411303,0.1565959409594096
0.08445839874411303,0.15705719557195572
0.08571428571428572,0.15705719557195572
0.08571428571428572,0.1572878228782288
0.08602825745682889,0.1572878228782288
0.08602825745682889,0.1584409594095941
0.08634222919937205,0.1584409594095941
0.08634222919937205,0.15867158671586715
0.0869701726844584,0.15867158671586715
0.0869701726844584,0.1595940959409594
0.08759811616954474,0.1595940959409594
0.08759811616954474,0.16005535055350553
0.08791208791208792,0.16005535055350553
0.08791208791208792,0.16143911439114392
0.08854003139717426,0.16143911439114392
0.08854003139717426,0.16351476014760147
0.08885400313971742,0.16351476014760147
0.08885400313971742,0.16397601476014761
0.08948194662480377,0.16397601476014761
0.08948194662480377,0.16420664206642066
0.08979591836734693,0.16420664206642066
0.08979591836734693,0.16466789667896678
0.09042386185243328,0.16466789667896678
0.09042386185243328,0.16512915129151293
0.09073783359497645,0.16512915129151293
0.09073783359497645,0.16628228782287824
0.09105180533751962,0.16628228782287824
0.09105180533751962,0.16789667896678967
0.09167974882260596,0.16789667896678967
0.09167974882260596,0.16904981549815498
0.09199372056514914,0.16904981549815498
0.09199372056514914,0.16928044280442806
0.09230769230769231,0.16928044280442806
0.09230769230769231,0.17043357933579337
0.09293563579277865,0.17043357933579337
0.09293563579277865,0.17366236162361623
0.09419152276295134,0.17366236162361623
0.09419152276295134,0.1745848708487085
0.0945054945054945,0.1745848708487085
0.0945054945054945,0.17481549815498154
0.09481946624803768,0.17481549815498154
0.09481946624803768,0.17689114391143912
0.09544740973312402,0.17689114391143912
0.09544740973312402,0.17712177121771217
0.09607535321821035,0.17712177121771217
0.09607535321821035,0.1775830258302583
0.09638932496075353,0.1775830258302583
0.09638932496075353,0.17804428044280443
0.0967032967032967,0.17804428044280443
0.0967032967032967,0.17850553505535055
0.09733124018838304,0.17850553505535055
0.09733124018838304,0.17942804428044282
0.09764521193092622,0.17942804428044282
0.09764521193092622,0.18081180811808117
0.09921507064364207,0.18081180811808117
0.09921507064364207,0.1819649446494465
0.09952904238618525,0.1819649446494465
0.09952904238618525,0.18219557195571956
0.09984301412872841,0.18219557195571956
0.09984301412872841,0.18242619926199263
0.10015698587127159,0.18242619926199263
0.10015698587127159,0.18265682656826568
0.10047095761381476,0.18265682656826568
0.10047095761381476,0.1842712177121771
0.10078492935635792,0.1842712177121771
0.10078492935635792,0.18519372693726938
0.1010989010989011,0.18519372693726938
0.1010989010989011,0.18588560885608857
0.10141287284144428,0.18588560885608857
0.10141287284144428,0.18611623616236161
0.10172684458398744,0.18611623616236161
0.10172684458398744,0.18657749077490776
0.10235478806907378,0.18657749077490776
0.10235478806907378,0.18773062730627307
0.10298273155416013,0.18773062730627307
0.10298273155416013,0.1881918819188192
0.10329670329670329,0.1881918819188192
0.10329670329670329,0.1886531365313653
0.10392464678178964,0.1886531365313653
0.10392464678178964,0.18911439114391143
0.10455259026687598,0.18911439114391143
0.10455259026687598,0.1893450184501845
0.1054945054945055,0.1893450184501845
0.1054945054945055,0.1900369003690037
0.10580847723704867,0.1900369003690037
0.10580847723704867,0.1930350553505535
0.10612244897959183,0.1930350553505535
0.10612244897959183,0.19488007380073802
0.10675039246467818,0.19488007380073802
0.10675039246467818,0.19511070110701106
0.10706436420722135,0.19511070110701106
0.10706436420722135,0.19603321033210333
0.10737833594976452,0.19603321033210333
0.10737833594976452,0.19626383763837638
0.10800627943485086,0.19626383763837638
0.10800627943485086,0.19718634686346864
0.10832025117739404,0.19718634686346864
0.10832025117739404,0.1974169741697417
0.10863422291993721,0.1974169741697417
0.10863422291993721,0.19903136531365315
0.10894819466248037,0.19903136531365315
0.10894819466248037,0.19949261992619927
0.10989010989010989,0.19949261992619927
0.10989010989010989,0.19995387453874539
0.11020408163265306,0.19995387453874539
0.11020408163265306,0.20018450184501846
0.1108320251177394,0.20018450184501846
0.1108320251177394,0.2004151291512915
0.11114599686028258,0.2004151291512915
0.11114599686028258,0.20064575645756458
0.11145996860282574,0.20064575645756458
0.11145996860282574,0.20087638376383765
0.11177394034536892,0.20087638376383765
0.11177394034536892,0.20156826568265682
0.11208791208791209,0.20156826568265682
0.11208791208791209,0.20202952029520296
0.11365777080062794,0.20202952029520296
0.11365777080062794,0.202260147601476
0.11428571428571428,0.202260147601476
0.11428571428571428,0.20272140221402213
0.11491365777080063,0.20272140221402213
0.11491365777080063,0.20341328413284132
0.1152276295133438,0.20341328413284132
0.1152276295133438,0.2041051660516605
0.11585557299843015,0.2041051660516605
0.11585557299843015,0.20502767527675278
0.11648351648351649,0.20502767527675278
0.11648351648351649,0.20525830258302583
0.11679748822605965,0.20525830258302583
0.11679748822605965,0.20595018450184502
0.11711145996860282,0.20595018450184502
0.11711145996860282,0.20687269372693726
0.117425431711146,0.20687269372693726
0.117425431711146,0.20848708487084872
0.11773940345368916,0.20848708487084872
0.11773940345368916,0.20964022140221403
0.11836734693877551,0.20964022140221403
0.11836734693877551,0.21010147601476015
0.11899529042386185,0.21010147601476015
0.11899529042386185,0.21079335793357934
0.11930926216640503,0.21079335793357934
0.11930926216640503,0.21102398523985239
0.11962323390894819,0.21102398523985239
0.11962323390894819,0.21194649446494465
0.11993720565149137,0.21194649446494465
0.11993720565149137,0.21240774907749077
0.1205651491365777,0.21240774907749077
0.1205651491365777,0.21356088560885608
0.12087912087912088,0.21356088560885608
0.12087912087912088,0.21379151291512916
0.12119309262166406,0.21379151291512916
0.12119309262166406,0.2147140221402214
0.12150706436420722,0.2147140221402214
0.12150706436420722,0.21494464944649447
0.1218210361067504,0.21494464944649447
0.1218210361067504,0.21517527675276754
0.12276295133437991,0.21517527675276754
0.12276295133437991,0.2158671586715867
0.12339089481946625,0.2158671586715867
0.12339089481946625,0.21678966789667897
0.12370486656200942,0.21678966789667897
0.12370486656200942,0.21748154981549817
0.12401883830455258,0.21748154981549817
0.12401883830455258,0.2184040590405904
0.12433281004709576,0.2184040590405904
0.12433281004709576,0.21863468634686348
0.12527472527472527,0.21863468634686348
0.12527472527472527,0.2197878228782288
0.12558869701726844,0.2197878228782288
0.12558869701726844,0.22047970479704798
0.12590266875981163,0.22047970479704798
0.12590266875981163,0.22186346863468634
0.1262166405023548,0.22186346863468634
0.1262166405023548,0.22255535055350553
0.12653061224489795,0.22255535055350553
0.12653061224489795,0.22301660516605165
0.12684458398744114,0.22301660516605165
0.12684458398744114,0.2234778597785978
0.1271585557299843,0.2234778597785978
0.1271585557299843,0.22393911439114392
0.12747252747252746,0.22393911439114392
0.12747252747252746,0.22486162361623616
0.12778649921507065,0.22486162361623616
0.12778649921507065,0.22532287822878228
0.12841444270015698,0.22532287822878228
0.12841444270015698,0.22555350553505535
0.12872841444270017,0.22555350553505535
0.12872841444270017,0.22670664206642066
0.12904238618524333,0.22670664206642066
0.12904238618524333,0.22693726937269373
0.1293563579277865,0.22693726937269373
0.1293563579277865,0.22739852398523985
0.12967032967032968,0.22739852398523985
0.12967032967032968,0.22785977859778597
0.12998430141287284,0.22785977859778597
0.12998430141287284,0.2283210332103321
0.130298273155416,0.2283210332103321
0.130298273155416,0.22878228782287824
0.1306122448979592,0.22878228782287824
0.1306122448979592,0.22970479704797048
0.13092621664050236,0.22970479704797048
0.13092621664050236,0.2301660516605166
0.13124018838304552,0.2301660516605166
0.13124018838304552,0.23039667896678967
0.1315541601255887,0.23039667896678967
0.1315541601255887,0.2308579335793358
0.13218210361067503,0.2308579335793358
0.13218210361067503,0.23108856088560886
0.13281004709576139,0.23108856088560886
0.13281004709576139,0.2313191881918819
0.13312401883830455,0.2313191881918819
0.13312401883830455,0.23247232472324722
0.13406593406593406,0.23247232472324722
0.13406593406593406,0.23408671586715868
0.13437990580847722,0.23408671586715868
0.13437990580847722,0.23500922509225092
0.1346938775510204,0.23500922509225092
0.1346938775510204,0.235239852398524
0.1359497645211931,0.235239852398524
0.1359497645211931,0.2363929889298893
0.13626373626373625,0.2363929889298893
0.13626373626373625,0.23685424354243542
0.1368916797488226,0.23685424354243542
0.1368916797488226,0.2370848708487085
0.13720565149136577,0.2370848708487085
0.13720565149136577,0.23731549815498154
0.13751962323390896,0.23731549815498154
0.13751962323390896,0.23846863468634685
0.13814756671899528,0.23846863468634685
0.13814756671899528,0.23939114391143912
0.13846153846153847,0.23939114391143912
0.13846153846153847,0.23962177121771217
0.13877551020408163,0.23962177121771217
0.13877551020408163,0.24054428044280443
0.1390894819466248,0.24054428044280443
0.1390894819466248,0.24100553505535055
0.13940345368916798,0.24100553505535055
0.13940345368916798,0.24285055350553506
0.1400313971742543,0.24285055350553506
0.1400313971742543,0.24331180811808117
0.1403453689167975,0.24331180811808117
0.1403453689167975,0.24354243542435425
0.14097331240188382,0.24354243542435425
0.14097331240188382,0.24515682656826568
0.141287284144427,0.24515682656826568
0.141287284144427,0.24538745387453875
0.14191522762951334,0.24538745387453875
0.14191522762951334,0.2456180811808118
0.1425431711145997,0.2456180811808118
0.1425431711145997,0.24700184501845018
0.14317111459968604,0.24700184501845018
0.14317111459968604,0.24723247232472326
0.1434850863422292,0.24723247232472326
0.1434850863422292,0.24838560885608857
0.14379905808477236,0.24838560885608857
0.14379905808477236,0.2488468634686347
0.14411302982731555,0.2488468634686347
0.14411302982731555,0.2493081180811808
0.14442700156985872,0.2493081180811808
0.14442700156985872,0.2520756457564576
0.1456828885400314,0.2520756457564576
0.1456828885400314,0.2523062730627306
0.1466248037676609,0.2523062730627306
0.1466248037676609,0.25322878228782286
0.1469387755102041,0.25322878228782286
0.1469387755102041,0.253690036900369
0.14725274725274726,0.253690036900369
0.14725274725274726,0.25392066420664205
0.14756671899529042,0.25392066420664205
0.14756671899529042,0.2543819188191882
0.1478806907378336,0.2543819188191882
0.1478806907378336,0.2557656826568266
0.14819466248037677,0.2557656826568266
0.14819466248037677,0.25599630996309963
0.14850863422291993,0.25599630996309963
0.14850863422291993,0.2564575645756458
0.14913657770800628,0.2564575645756458
0.14913657770800628,0.25691881918819187
0.1497645211930926,0.25691881918819187
0.1497645211930926,0.2578413284132841
0.1500784929356358,0.2578413284132841
0.1500784929356358,0.2580719557195572
0.15039246467817896,0.2580719557195572
0.15039246467817896,0.2594557195571956
0.15070643642072212,0.2594557195571956
0.15070643642072212,0.26014760147601473
0.1510204081632653,0.26014760147601473
0.1510204081632653,0.2606088560885609
0.15133437990580847,0.2606088560885609
0.15133437990580847,0.2608394833948339
0.15196232339089483,0.2608394833948339
0.15196232339089483,0.2629151291512915
0.152276295133438,0.2629151291512915
0.152276295133438,0.26314575645756455
0.15416012558869702,0.26314575645756455
0.15416012558869702,0.26337638376383765
0.15447409733124018,0.26337638376383765
0.15447409733124018,0.2636070110701107
0.15478806907378337,0.2636070110701107
0.15478806907378337,0.26406826568265684
0.15510204081632653,0.26406826568265684
0.15510204081632653,0.26452952029520294
0.1554160125588697,0.26452952029520294
0.1554160125588697,0.2649907749077491
0.15572998430141288,0.2649907749077491
0.15572998430141288,0.26522140221402213
0.15604395604395604,0.26522140221402213
0.15604395604395604,0.2656826568265683
0.1563579277864992,0.2656826568265683
0.1563579277864992,0.2666051660516605
0.1566718995290424,0.2666051660516605
0.1566718995290424,0.26683579335793356
0.15698587127158556,0.26683579335793356
0.15698587127158556,0.26821955719557194
0.15824175824175823,0.26821955719557194
0.15824175824175823,0.2691420664206642
0.15855572998430142,0.2691420664206642
0.15855572998430142,0.2693726937269373
0.1588697017268446,0.2693726937269373
0.1588697017268446,0.27121771217712176
0.15918367346938775,0.27121771217712176
0.15918367346938775,0.27190959409594095
0.1598116169544741,0.27190959409594095
0.1598116169544741,0.27260147601476015
0.16012558869701726,0.27260147601476015
0.16012558869701726,0.2751383763837638
0.16043956043956045,0.2751383763837638
0.16043956043956045,0.2760608856088561
0.16075353218210361,0.2760608856088561
0.16075353218210361,0.2765221402214022
0.16106750392464678,0.2765221402214022
0.16106750392464678,0.2767527675276753
0.16138147566718997,0.2767527675276753
0.16138147566718997,0.2772140221402214
0.16169544740973313,0.2772140221402214
0.16169544740973313,0.27744464944649444
0.1620094191522763,0.27744464944649444
0.1620094191522763,0.27767527675276754
0.16232339089481945,0.27767527675276754
0.16232339089481945,0.279289667896679
0.1629513343799058,0.279289667896679
0.1629513343799058,0.279520295202952
0.16357927786499216,0.279520295202952
0.16357927786499216,0.27998154981549817
0.16389324960753532,0.27998154981549817
0.16389324960753532,0.2802121771217712
0.16452119309262167,0.2802121771217712
0.16452119309262167,0.28205719557195574
0.165149136577708,0.28205719557195574
0.165149136577708,0.28251845018450183
0.1660910518053375,0.28251845018450183
0.1660910518053375,0.2827490774907749
0.1664050235478807,0.2827490774907749
0.1664050235478807,0.283210332103321
0.16703296703296702,0.283210332103321
0.16703296703296702,0.28413284132841327
0.1673469387755102,0.28413284132841327
0.1673469387755102,0.28436346863468637
0.16766091051805337,0.28436346863468637
0.16766091051805337,0.2852859778597786
0.16797488226059654,0.2852859778597786
0.16797488226059654,0.28551660516605165
0.16828885400313973,0.28551660516605165
0.16828885400313973,0.2873616236162362
0.1686028257456829,0.2873616236162362
0.1686028257456829,0.2880535055350554
0.16891679748822605,0.2880535055350554
0.16891679748822605,0.2887453874538745
0.16923076923076924,0.2887453874538745
0.16923076923076924,0.28920664206642066
0.1695447409733124,0.28920664206642066
0.1695447409733124,0.28989852398523985
0.16985871271585556,0.28989852398523985
0.16985871271585556,0.290359778597786
0.17080062794348508,0.290359778597786
0.17080062794348508,0.29059040590405905
0.17142857142857143,0.29059040590405905
0.17142857142857143,0.29128228782287824
0.1717425431711146,0.29128228782287824
0.1717425431711146,0.2938191881918819
0.17205651491365778,0.2938191881918819
0.17205651491365778,0.29428044280442806
0.17237048665620094,0.29428044280442806
0.17237048665620094,0.2958948339483395
0.1726844583987441,0.2958948339483395
0.1726844583987441,0.29612546125461253
0.1729984301412873,0.29612546125461253
0.1729984301412873,0.29635608856088563
0.17331240188383046,0.29635608856088563
0.17331240188383046,0.29704797047970477
0.17362637362637362,0.29704797047970477
0.17362637362637362,0.29727859778597787
0.1739403453689168,0.29727859778597787
0.1739403453689168,0.29866236162361626
0.17488226059654632,0.29866236162361626
0.17488226059654632,0.2988929889298893
0.17519623233908949,0.2988929889298893
0.17519623233908949,0.29981549815498154
0.17551020408163265,0.29981549815498154
0.17551020408163265,0.3000461254612546
0.176138147566719,0.3000461254612546
0.176138147566719,0.3016605166051661
0.17645211930926216,0.3016605166051661
0.17645211930926216,0.3018911439114391
0.17676609105180532,0.3018911439114391
0.17676609105180532,0.30281365313653136
0.17708006279434851,0.30281365313653136
0.17708006279434851,0.3039667896678967
0.17739403453689168,0.3039667896678967
0.17739403453689168,0.30419741697416974
0.17770800627943484,0.30419741697416974
0.17770800627943484,0.3044280442804428
0.17802197802197803,0.3044280442804428
0.17802197802197803,0.30558118081180813
0.17864992150706435,0.30558118081180813
0.17864992150706435,0.3060424354243542
0.17896389324960754,0.3060424354243542
0.17896389324960754,0.3062730627306273
0.1792778649921507,0.3062730627306273
0.1792778649921507,0.30857933579335795
0.17990580847723706,0.30857933579335795
0.17990580847723706,0.308809963099631
0.18021978021978022,0.308809963099631
0.18021978021978022,0.30904059040590404
0.18053375196232338,0.30904059040590404
0.18053375196232338,0.30927121771217714
0.18084772370486657,0.30927121771217714
0.18084772370486657,0.30973247232472323
0.18116169544740973,0.30973247232472323
0.18116169544740973,0.3104243542435424
0.1814756671899529,0.3104243542435424
0.1814756671899529,0.3118081180811808
0.18210361067503925,0.3118081180811808
0.18210361067503925,0.31273062730627305
0.1824175824175824,0.31273062730627305
0.1824175824175824,0.31342250922509224
0.1827315541601256,0.31342250922509224
0.1827315541601256,0.31503690036900367
0.1836734693877551,0.31503690036900367
0.1836734693877551,0.31526752767527677
0.18398744113029827,0.31526752767527677
0.18398744113029827,0.31572878228782286
0.18461538461538463,0.31572878228782286
0.18461538461538463,0.31595940959409596
0.18524332810047095,0.31595940959409596
0.18524332810047095,0.316190036900369
0.18555729984301414,0.316190036900369
0.18555729984301414,0.3196494464944649
0.18681318681318682,0.3196494464944649
0.18681318681318682,0.3212638376383764
0.18712715855572998,0.3212638376383764
0.18712715855572998,0.32149446494464945
0.18744113029827317,0.32149446494464945
0.18744113029827317,0.3219557195571956
0.18775510204081633,0.3219557195571956
0.18775510204081633,0.3231088560885609
0.189010989010989,0.3231088560885609
0.189010989010989,0.3240313653136531
0.18995290423861852,0.3240313653136531
0.18995290423861852,0.3247232472324723
0.19026687598116168,0.3247232472324723
0.19026687598116168,0.3284132841328413
0.19183673469387755,0.3284132841328413
0.19183673469387755,0.33025830258302585
0.1924646781789639,0.33025830258302585
0.1924646781789639,0.33071955719557194
0.19309262166405022,0.33071955719557194
0.19309262166405022,0.33210332103321033
0.1934065934065934,0.33210332103321033
0.1934065934065934,0.33325645756457567
0.19372056514913658,0.33325645756457567
0.19372056514913658,0.3334870848708487
0.19403453689167974,0.3334870848708487
0.19403453689167974,0.33371771217712176
0.19434850863422293,0.33371771217712176
0.19434850863422293,0.3341789667896679
0.1946624803767661,0.3341789667896679
0.1946624803767661,0.3348708487084871
0.19497645211930925,0.3348708487084871
0.19497645211930925,0.33510147601476015
0.19529042386185244,0.33510147601476015
0.19529042386185244,0.3360239852398524
0.1956043956043956,0.3360239852398524
0.1956043956043956,0.3362546125461255
0.19591836734693877,0.3362546125461255
0.19591836734693877,0.3367158671586716
0.19623233908948196,0.3367158671586716
0.19623233908948196,0.33740774907749077
0.19686028257456828,0.33740774907749077
0.19686028257456828,0.33809963099630996
0.19717425431711147,0.33809963099630996
0.19717425431711147,0.338330258302583
0.19811616954474098,0.338330258302583
0.19811616954474098,0.3385608856088561
0.19843014128728415,0.3385608856088561
0.19843014128728415,0.33879151291512916
0.1990580847723705,0.33879151291512916
0.1990580847723705,0.3390221402214022
0.19937205651491366,0.3390221402214022
0.19937205651491366,0.3392527675276753
0.19968602825745682,0.3392527675276753
0.19968602825745682,0.33948339483394835
0.20031397174254317,0.33948339483394835
0.20031397174254317,0.34017527675276754
0.20062794348508634,0.34017527675276754
0.20062794348508634,0.34063653136531363
0.2012558869701727,0.34063653136531363
0.2012558869701727,0.34086715867158673
0.20156985871271585,0.34086715867158673
0.20156985871271585,0.3422509225092251
0.20188383045525904,0.3422509225092251
0.20188383045525904,0.34294280442804426
0.2021978021978022,0.34294280442804426
0.2021978021978022,0.34317343173431736
0.20313971742543172,0.34317343173431736
0.20313971742543172,0.34363468634686345
0.20376766091051807,0.34363468634686345
0.20376766091051807,0.34432656826568264
0.20408163265306123,0.34432656826568264
0.20408163265306123,0.3447878228782288
0.2043956043956044,0.3447878228782288
0.2043956043956044,0.345479704797048
0.20470957613814755,0.345479704797048
0.20470957613814755,0.345710332103321
0.20502354788069074,0.345710332103321
0.20502354788069074,0.3477859778597786
0.2053375196232339,0.3477859778597786
0.2053375196232339,0.3482472324723247
0.20565149136577707,0.3482472324723247
0.20565149136577707,0.3496309963099631
0.20659340659340658,0.3496309963099631
0.20659340659340658,0.352859778597786
0.20690737833594977,0.352859778597786
0.20690737833594977,0.3533210332103321
0.20722135007849293,0.3533210332103321
0.20722135007849293,0.3540129151291513
0.2084772370486656,0.3540129151291513
0.2084772370486656,0.35447416974169743
0.2087912087912088,0.35447416974169743
0.2087912087912088,0.3547047970479705
0.2097331240188383,0.3547047970479705
0.2097331240188383,0.3551660516605166
0.21004709576138147,0.3551660516605166
0.21004709576138147,0.3558579335793358
0.21036106750392464,0.3558579335793358
0.21036106750392464,0.35816420664206644
0.21067503924646783,0.35816420664206644
0.21067503924646783,0.35977859778597787
0.210989010989011,0.35977859778597787
0.210989010989011,0.36047047970479706
0.21130298273155415,0.36047047970479706
0.21130298273155415,0.36093173431734316
0.21161695447409734,0.36093173431734316
0.21161695447409734,0.36231549815498154
0.2119309262166405,0.36231549815498154
0.2119309262166405,0.36300738007380073
0.21255886970172685,0.36300738007380073
0.21255886970172685,0.3632380073800738
0.21287284144427002,0.3632380073800738
0.21287284144427002,0.36462177121771217
0.21318681318681318,0.36462177121771217
0.21318681318681318,0.36600553505535055
0.21350078492935637,0.36600553505535055
0.21350078492935637,0.3662361623616236
0.2141287284144427,0.3662361623616236
0.2141287284144427,0.3664667896678967
0.21444270015698588,0.3664667896678967
0.21444270015698588,0.367619926199262
0.21475667189952904,0.367619926199262
0.21475667189952904,0.36808118081180813
0.2150706436420722,0.36808118081180813
0.2150706436420722,0.3683118081180812
0.21569858712715856,0.3683118081180812
0.21569858712715856,0.36969557195571956
0.21601255886970172,0.36969557195571956
0.21601255886970172,0.37038745387453875
0.2163265306122449,0.37038745387453875
0.2163265306122449,0.37084870848708484
0.21664050235478807,0.37084870848708484
0.21664050235478807,0.371309963099631
0.21726844583987442,0.371309963099631
0.21726844583987442,0.3729243542435424
0.21789638932496075,0.3729243542435424
0.21789638932496075,0.3731549815498155
0.21821036106750394,0.3731549815498155
0.21821036106750394,0.37546125461254615
0.2185243328100471,0.37546125461254615
0.2185243328100471,0.37615313653136534
0.21883830455259026,0.37615313653136534
0.21883830455259026,0.3763837638376384
0.21915227629513342,0.3763837638376384
0.21915227629513342,0.37661439114391143
0.21978021978021978,0.37661439114391143
0.21978021978021978,0.3768450184501845
0.22009419152276294,0.3768450184501845
0.22009419152276294,0.3779981549815498
0.2207221350078493,0.3779981549815498
0.2207221350078493,0.37822878228782286
0.2216640502354788,0.37822878228782286
0.2216640502354788,0.37845940959409596
0.22197802197802197,0.37845940959409596
0.22197802197802197,0.378690036900369
0.22229199372056516,0.378690036900369
0.22229199372056516,0.38099630996309963
0.22260596546310832,0.38099630996309963
0.22260596546310832,0.3816881918819188
0.22291993720565148,0.3816881918819188
0.22291993720565148,0.382380073800738
0.22323390894819467,0.382380073800738
0.22323390894819467,0.3835332103321033
0.223861852433281,0.3835332103321033
0.223861852433281,0.3837638376383764
0.22417582417582418,0.3837638376383764
0.22417582417582418,0.38399446494464945
0.22448979591836735,0.38399446494464945
0.22448979591836735,0.3842250922509225
0.2248037676609105,0.3842250922509225
0.2248037676609105,0.3844557195571956
0.2251177394034537,0.3844557195571956
0.2251177394034537,0.3849169741697417
0.22543171114599686,0.3849169741697417
0.22543171114599686,0.38537822878228783
0.22574568288854002,0.38537822878228783
0.22574568288854002,0.3856088560885609
0.2260596546310832,0.3856088560885609
0.2260596546310832,0.3858394833948339
0.22668759811616954,0.3858394833948339
0.22668759811616954,0.386070110701107
0.22762951334379905,0.386070110701107
0.22762951334379905,0.3863007380073801
0.22857142857142856,0.3863007380073801
0.22857142857142856,0.3879151291512915
0.22888540031397175,0.3879151291512915
0.22888540031397175,0.38883763837638374
0.22919937205651492,0.38883763837638374
0.22919937205651492,0.38906826568265684
0.23014128728414443,0.38906826568265684
0.23014128728414443,0.3899907749077491
0.2304552590266876,0.3899907749077491
0.2304552590266876,0.3906826568265683
0.23076923076923078,0.3906826568265683
0.23076923076923078,0.39114391143911437
0.23108320251177394,0.39114391143911437
0.23108320251177394,0.39252767527675275
0.2317111459968603,0.39252767527675275
0.2317111459968603,0.39391143911439114
0.23202511773940346,0.39391143911439114
0.23202511773940346,0.3941420664206642
0.23233908948194662,0.3941420664206642
0.23233908948194662,0.3950645756457565
0.23265306122448978,0.3950645756457565
0.23265306122448978,0.3959870848708487
0.23296703296703297,0.3959870848708487
0.23296703296703297,0.3966789667896679
0.23328100470957613,0.3966789667896679
0.23328100470957613,0.39690959409594095
0.2335949764521193,0.39690959409594095
0.2335949764521193,0.397140221402214
0.23422291993720565,0.397140221402214
0.23422291993720565,0.39760147601476015
0.2345368916797488,0.39760147601476015
0.2345368916797488,0.39898523985239853
0.234850863422292,0.39898523985239853
0.234850863422292,0.3992158671586716
0.23547880690737832,0.3992158671586716
0.23547880690737832,0.39990774907749077
0.23579277864992151,0.39990774907749077
0.23579277864992151,0.4003690036900369
0.23610675039246468,0.4003690036900369
0.23610675039246468,0.4010608856088561
0.23642072213500784,0.4010608856088561
0.23642072213500784,0.4015221402214022
0.23673469387755103,0.4015221402214022
0.23673469387755103,0.40244464944649444
0.2370486656200942,0.40244464944649444
0.2370486656200942,0.40267527675276754
0.23767660910518054,0.40267527675276754
0.23767660910518054,0.4038284132841328
0.23861852433281006,0.4038284132841328
0.23861852433281006,0.4052121771217712
0.23893249607535322,0.4052121771217712
0.23893249607535322,0.40567343173431736
0.23924646781789638,0.40567343173431736
0.23924646781789638,0.4065959409594096
0.23956043956043957,0.4065959409594096
0.23956043956043957,0.407979704797048
0.23987441130298273,0.407979704797048
0.23987441130298273,0.408210332103321
0.2401883830455259,0.408210332103321
0.2401883830455259,0.4084409594095941
0.24050235478806908,0.4084409594095941
0.24050235478806908,0.4089022140221402
0.24081632653061225,0.4089022140221402
0.24081632653061225,0.4095940959409594
0.2411302982731554,0.4095940959409594
0.2411302982731554,0.41005535055350556
0.2414442700156986,0.41005535055350556
0.2414442700156986,0.4107472324723247
0.2423861852433281,0.4107472324723247
0.2423861852433281,0.4109778597785978
0.24332810047095763,0.4109778597785978
0.24332810047095763,0.41120848708487084
0.24427001569858714,0.41120848708487084
0.24427001569858714,0.411669741697417
0.2445839874411303,0.411669741697417
0.2445839874411303,0.4121309963099631
0.24489795918367346,0.4121309963099631
0.24489795918367346,0.4123616236162362
0.24521193092621665,0.4123616236162362
0.24521193092621665,0.41259225092250923
0.24552590266875982,0.41259225092250923
0.24552590266875982,0.4137453874538745
0.24615384615384617,0.4137453874538745
0.24615384615384617,0.4165129151291513
0.24646781789638933,0.4165129151291513
0.24646781789638933,0.41674354243542433
0.24709576138147565,0.41674354243542433
0.24709576138147565,0.41697416974169743
0.24740973312401884,0.41697416974169743
0.24740973312401884,0.4181273062730627
0.24803767660910517,0.4181273062730627
0.24803767660910517,0.4188191881918819
0.24835164835164836,0.4188191881918819
0.24835164835164836,0.41904981549815495
0.24897959183673468,0.41904981549815495
0.24897959183673468,0.42066420664206644
0.24960753532182103,0.42066420664206644
0.24960753532182103,0.42112546125461253
0.2499215070643642,0.42112546125461253
0.2499215070643642,0.4225092250922509
0.2502354788069074,0.4225092250922509
0.2502354788069074,0.42273985239852396
0.25117739403453687,0.42273985239852396
0.25117739403453687,0.42297047970479706
0.2514913657770801,0.42297047970479706
0.2514913657770801,0.4238929889298893
0.25180533751962325,0.4238929889298893
0.25180533751962325,0.42435424354243545
0.2521193092621664,0.42435424354243545
0.2521193092621664,0.42481549815498154
0.2524332810047096,0.42481549815498154
0.2524332810047096,0.42550738007380073
0.25274725274725274,0.42550738007380073
0.25274725274725274,0.426429889298893
0.2533751962323391,0.426429889298893
0.2533751962323391,0.4266605166051661
0.2543171114599686,0.4266605166051661
0.2543171114599686,0.4268911439114391
0.2555729984301413,0.4268911439114391
0.2555729984301413,0.42735239852398527
0.25620094191522763,0.42735239852398527
0.25620094191522763,0.4275830258302583
0.25682888540031396,0.4275830258302583
0.25682888540031396,0.42781365313653136
0.25745682888540034,0.42781365313653136
0.25745682888540034,0.4280442804428044
0.2577708006279435,0.4280442804428044
0.2577708006279435,0.4287361623616236
0.25808477237048666,0.4287361623616236
0.25808477237048666,0.4294280442804428
0.2583987441130298,0.4294280442804428
0.2583987441130298,0.4303505535055351
0.2599686028257457,0.4303505535055351
0.2599686028257457,0.43058118081180813
0.26028257456828885,0.43058118081180813
0.26028257456828885,0.4310424354243542
0.260596546310832,0.4310424354243542
0.260596546310832,0.4312730627306273
0.2612244897959184,0.4312730627306273
0.2612244897959184,0.4326568265682657
0.2618524332810047,0.4326568265682657
0.2618524332810047,0.43288745387453875
0.2634222919937206,0.43288745387453875
0.2634222919937206,0.43334870848708484
0.26436420722135007,0.43334870848708484
0.26436420722135007,0.43473247232472323
0.26467817896389323,0.43473247232472323
0.26467817896389323,0.43496309963099633
0.2653061224489796,0.43496309963099633
0.2653061224489796,0.4351937269372694
0.2662480376766091,0.4351937269372694
0.2662480376766091,0.43588560885608857
0.26656200941915226,0.43588560885608857
0.26656200941915226,0.43634686346863466
0.2668759811616955,0.43634686346863466
0.2668759811616955,0.43703874538745385
0.2675039246467818,0.43703874538745385
0.2675039246467818,0.43726937269372695
0.26781789638932496,0.43726937269372695
0.26781789638932496,0.43773062730627305
0.26875981161695445,0.43773062730627305
0.26875981161695445,0.4381918819188192
0.2693877551020408,0.4381918819188192
0.2693877551020408,0.4393450184501845
0.269701726844584,0.4393450184501845
0.269701726844584,0.4398062730627306
0.2703296703296703,0.4398062730627306
0.2703296703296703,0.44026752767527677
0.2706436420722135,0.44026752767527677
0.2706436420722135,0.4404981549815498
0.271585557299843,0.4404981549815498
0.271585557299843,0.44095940959409596
0.27221350078492934,0.44095940959409596
0.27221350078492934,0.44142066420664205
0.2725274725274725,0.44142066420664205
0.2725274725274725,0.44211254612546125
0.2728414442700157,0.44211254612546125
0.2728414442700157,0.4423431734317343
0.2731554160125589,0.4423431734317343
0.2731554160125589,0.4425738007380074
0.27346938775510204,0.4425738007380074
0.27346938775510204,0.44349630996309963
0.2737833594976452,0.44349630996309963
0.2737833594976452,0.4439575645756458
0.27441130298273153,0.4439575645756458
0.27441130298273153,0.4446494464944649
0.27472527472527475,0.4446494464944649
0.27472527472527475,0.444880073800738
0.27566718995290423,0.444880073800738
0.27566718995290423,0.4462638376383764
0.2759811616954474,0.4462638376383764
0.2759811616954474,0.44718634686346864
0.2766091051805338,0.44718634686346864
0.2766091051805338,0.4474169741697417
0.2772370486656201,0.4474169741697417
0.2772370486656201,0.44764760147601473
0.27755102040816326,0.44764760147601473
0.27755102040816326,0.4483394833948339
0.2778649921507064,0.4483394833948339
0.2778649921507064,0.448570110701107
0.2781789638932496,0.448570110701107
0.2781789638932496,0.4488007380073801
0.27880690737833597,0.4488007380073801
0.27880690737833597,0.4499538745387454
0.27912087912087913,0.4499538745387454
0.27912087912087913,0.4517988929889299
0.2794348508634223,0.4517988929889299
0.2794348508634223,0.4524907749077491
0.27974882260596545,0.4524907749077491
0.27974882260596545,0.45295202952029523
0.280690737833595,0.45295202952029523
0.280690737833595,0.45364391143911437
0.28100470957613816,0.45364391143911437
0.28100470957613816,0.4541051660516605
0.2813186813186813,0.4541051660516605
0.2813186813186813,0.4547970479704797
0.2816326530612245,0.4547970479704797
0.2816326530612245,0.45525830258302585
0.2822605965463108,0.45525830258302585
0.2822605965463108,0.4554889298892989
0.282574568288854,0.4554889298892989
0.282574568288854,0.45595018450184505
0.2828885400313972,0.45595018450184505
0.2828885400313972,0.4561808118081181
0.28320251177394035,0.4561808118081181
0.28320251177394035,0.45641143911439114
0.2835164835164835,0.45641143911439114
0.2835164835164835,0.4568726937269373
0.28414442700156983,0.4568726937269373
0.28414442700156983,0.4573339483394834
0.2857142857142857,0.4573339483394834
0.2857142857142857,0.4577952029520295
0.28602825745682886,0.4577952029520295
0.28602825745682886,0.45940959409594095
0.2879120879120879,0.45940959409594095
0.2879120879120879,0.46010147601476015
0.2882260596546311,0.46010147601476015
0.2882260596546311,0.4603321033210332
0.28854003139717427,0.4603321033210332
0.28854003139717427,0.4635608856088561
0.28885400313971743,0.4635608856088561
0.28885400313971743,0.4640221402214022
0.2891679748822606,0.4640221402214022
0.2891679748822606,0.46448339483394835
0.28948194662480375,0.46448339483394835
0.28948194662480375,0.46517527675276754
0.29010989010989013,0.46517527675276754
0.29010989010989013,0.4654059040590406
0.2904238618524333,0.4654059040590406
0.2904238618524333,0.46563653136531363
0.2913657770800628,0.46563653136531363
0.2913657770800628,0.46586715867158673
0.29199372056514916,0.46586715867158673
0.29199372056514916,0.4660977859778598
0.2923076923076923,0.4660977859778598
0.2923076923076923,0.466789667896679
0.2926216640502355,0.466789667896679
0.2926216640502355,0.4672509225092251
0.2932496075353218,0.4672509225092251
0.2932496075353218,0.46794280442804426
0.29356357927786497,0.46794280442804426
0.29356357927786497,0.46817343173431736
0.29419152276295135,0.46817343173431736
0.29419152276295135,0.46863468634686345
0.2945054945054945,0.46863468634686345
0.2945054945054945,0.46955719557195574
0.2948194662480377,0.46955719557195574
0.2948194662480377,0.4697878228782288
0.29513343799058084,0.4697878228782288
0.29513343799058084,0.4702490774907749
0.295447409733124,0.4702490774907749
0.295447409733124,0.470710332103321
0.2957613814756672,0.470710332103321
0.2957613814756672,0.4711715867158672
0.2960753532182104,0.4711715867158672
0.2960753532182104,0.47186346863468637
0.29701726844583987,0.47186346863468637
0.29701726844583987,0.4732472324723247
0.2976452119309262,0.4732472324723247
0.2976452119309262,0.47370848708487084
0.29827315541601257,0.47370848708487084
0.29827315541601257,0.474169741697417
0.29858712715855573,0.474169741697417
0.29858712715855573,0.4746309963099631
0.2989010989010989,0.4746309963099631
0.2989010989010989,0.4771678966789668
0.29984301412872844,0.4771678966789668
0.29984301412872844,0.4783210332103321
0.3001569858712716,0.4783210332103321
0.3001569858712716,0.4785516605166052
0.3010989010989011,0.4785516605166052
0.3010989010989011,0.47878228782287824
0.30141287284144425,0.47878228782287824
0.30141287284144425,0.47924354243542433
0.30172684458398746,0.47924354243542433
0.30172684458398746,0.4799354243542435
0.3020408163265306,0.4799354243542435
0.3020408163265306,0.4801660516605166
0.3023547880690738,0.4801660516605166
0.3023547880690738,0.4808579335793358
0.30266875981161695,0.4808579335793358
0.30266875981161695,0.4820110701107011
0.3032967032967033,0.4820110701107011
0.3032967032967033,0.48247232472324725
0.30392464678178965,0.48247232472324725
0.30392464678178965,0.4833948339483395
0.3042386185243328,0.4833948339483395
0.3042386185243328,0.48547047970479706
0.304552590266876,0.48547047970479706
0.304552590266876,0.48616236162361626
0.30486656200941914,0.48616236162361626
0.30486656200941914,0.48685424354243545
0.3051805337519623,0.48685424354243545
0.3051805337519623,0.4870848708487085
0.3058084772370487,0.4870848708487085
0.3058084772370487,0.48731549815498154
0.30612244897959184,0.48731549815498154
0.30612244897959184,0.4875461254612546
0.306436420722135,0.4875461254612546
0.306436420722135,0.4877767527675277
0.30675039246467817,0.4877767527675277
0.30675039246467817,0.4882380073800738
0.3076923076923077,0.4882380073800738
0.3076923076923077,0.4905442804428044
0.3086342229199372,0.4905442804428044
0.3086342229199372,0.4914667896678967
0.30894819466248036,0.4914667896678967
0.30894819466248036,0.49169741697416974
0.30957613814756674,0.49169741697416974
0.30957613814756674,0.49400369003690037
0.3098901098901099,0.49400369003690037
0.3098901098901099,0.4942343173431734
0.31020408163265306,0.4942343173431734
0.31020408163265306,0.4951568265682657
0.3105180533751962,0.4951568265682657
0.3105180533751962,0.49538745387453875
0.31145996860282577,0.49538745387453875
0.31145996860282577,0.4956180811808118
0.3117739403453689,0.4956180811808118
0.3117739403453689,0.496309963099631
0.3120879120879121,0.496309963099631
0.3120879120879121,0.4970018450184502
0.3127158555729984,0.4970018450184502
0.3127158555729984,0.49723247232472323
0.3130298273155416,0.49723247232472323
0.3130298273155416,0.49838560885608857
0.3133437990580848,0.49838560885608857
0.3133437990580848,0.4986162361623616
0.31365777080062796,0.4986162361623616
0.31365777080062796,0.49884686346863466
0.3152276295133438,0.49884686346863466
0.3152276295133438,0.49953874538745385
0.31585557299843015,0.49953874538745385
0.31585557299843015,0.5004612546125461
0.3161695447409733,0.5004612546125461
0.3161695447409733,0.5011531365313653
0.31648351648351647,0.5011531365313653
0.31648351648351647,0.5020756457564576
0.31711145996860285,0.5020756457564576
0.31711145996860285,0.503459409594096
0.31805337519623234,0.503459409594096
0.31805337519623234,0.503920664206642
0.3183673469387755,0.503920664206642
0.3183673469387755,0.5041512915129152
0.31868131868131866,0.5041512915129152
0.31868131868131866,0.5046125461254612
0.3189952904238619,0.5046125461254612
0.3189952904238619,0.5053044280442804
0.31930926216640504,0.5053044280442804
0.31930926216640504,0.5064575645756457
0.3196232339089482,0.5064575645756457
0.3196232339089482,0.5066881918819188
0.3202511773940345,0.5066881918819188
0.3202511773940345,0.5078413284132841
0.3205651491365777,0.5078413284132841
0.3205651491365777,0.5087638376383764
0.3208791208791209,0.5087638376383764
0.3208791208791209,0.5092250922509225
0.32119309262166407,0.5092250922509225
0.32119309262166407,0.5099169741697417
0.32213500784929355,0.5099169741697417
0.32213500784929355,0.510839483394834
0.32276295133437993,0.510839483394834
0.32276295133437993,0.5117619926199262
0.3230769230769231,0.5117619926199262
0.3230769230769231,0.5122232472324724
0.3237048665620094,0.5122232472324724
0.3237048665620094,0.5131457564575646
0.3240188383045526,0.5131457564575646
0.3240188383045526,0.5136070110701108
0.3249607535321821,0.5136070110701108
0.3249607535321821,0.5142988929889298
0.3252747252747253,0.5142988929889298
0.3252747252747253,0.5154520295202952
0.32558869701726845,0.5154520295202952
0.32558869701726845,0.5163745387453874
0.32621664050235477,0.5163745387453874
0.32621664050235477,0.5177583025830258
0.32653061224489793,0.5177583025830258
0.32653061224489793,0.518219557195572
0.32684458398744115,0.518219557195572
0.32684458398744115,0.5186808118081181
0.3271585557299843,0.5186808118081181
0.3271585557299843,0.5207564575645757
0.3274725274725275,0.5207564575645757
0.3274725274725275,0.5209870848708487
0.32778649921507064,0.5209870848708487
0.32778649921507064,0.5212177121771218
0.3287284144427002,0.5212177121771218
0.3287284144427002,0.5216789667896679
0.3299843014128728,0.5216789667896679
0.3299843014128728,0.5226014760147601
0.330298273155416,0.5226014760147601
0.330298273155416,0.5235239852398524
0.3306122448979592,0.5235239852398524
0.3306122448979592,0.5251383763837638
0.33092621664050237,0.5251383763837638
0.33092621664050237,0.525830258302583
0.33124018838304553,0.525830258302583
0.33124018838304553,0.5262915129151291
0.332182103610675,0.5262915129151291
0.332182103610675,0.5274446494464945
0.33249607535321823,0.5274446494464945
0.33249607535321823,0.5279059040590406
0.3328100470957614,0.5279059040590406
0.3328100470957614,0.5283671586715867
0.33312401883830456,0.5283671586715867
0.33312401883830456,0.5295202952029521
0.3334379905808477,0.5295202952029521
0.3334379905808477,0.5315959409594095
0.3359497645211931,0.5315959409594095
0.3359497645211931,0.5320571955719557
0.33657770800627945,0.5320571955719557
0.33657770800627945,0.5322878228782287
0.3368916797488226,0.5322878228782287
0.3368916797488226,0.5325184501845018
0.3372056514913658,0.5325184501845018
0.3372056514913658,0.5336715867158671
0.33751962323390894,0.5336715867158671
0.33751962323390894,0.5348247232472325
0.3378335949764521,0.5348247232472325
0.3378335949764521,0.5350553505535055
0.33814756671899526,0.5350553505535055
0.33814756671899526,0.5357472324723247
0.3384615384615385,0.5357472324723247
0.3384615384615385,0.5364391143911439
0.3390894819466248,0.5364391143911439
0.3390894819466248,0.5378228782287823
0.33940345368916797,0.5378228782287823
0.33940345368916797,0.5380535055350554
0.33971742543171113,0.5380535055350554
0.33971742543171113,0.5385147601476015
0.3400313971742543,0.5385147601476015
0.3400313971742543,0.540359778597786
0.3403453689167975,0.540359778597786
0.3403453689167975,0.540590405904059
0.34065934065934067,0.540590405904059
0.34065934065934067,0.5408210332103321
0.34097331240188383,0.5408210332103321
0.34097331240188383,0.5410516605166051
0.341287284144427,0.5410516605166051
0.341287284144427,0.5424354243542435
0.34160125588697016,0.5424354243542435
0.34160125588697016,0.5426660516605166
0.34222919937205654,0.5426660516605166
0.34222919937205654,0.5431273062730627
0.34285714285714286,0.5431273062730627
0.34285714285714286,0.5438191881918819
0.343171114599686,0.5438191881918819
0.343171114599686,0.544049815498155
0.3434850863422292,0.544049815498155
0.3434850863422292,0.5447416974169742
0.34379905808477235,0.5447416974169742
0.34379905808477235,0.5454335793357934
0.34411302982731556,0.5454335793357934
0.34411302982731556,0.5486623616236163
0.3444270015698587,0.5486623616236163
0.3444270015698587,0.5493542435424354
0.34505494505494505,0.5493542435424354
0.34505494505494505,0.5495848708487084
0.3453689167974882,0.5495848708487084
0.3453689167974882,0.5500461254612546
0.3469387755102041,0.5500461254612546
0.3469387755102041,0.5507380073800738
0.34725274725274724,0.5507380073800738
0.34725274725274724,0.551429889298893
0.3475667189952904,0.551429889298893
0.3475667189952904,0.5518911439114391
0.3481946624803768,0.5518911439114391
0.3481946624803768,0.5521217712177122
0.34850863422291994,0.5521217712177122
0.34850863422291994,0.5525830258302583
0.3488226059654631,0.5525830258302583
0.3488226059654631,0.5530442804428044
0.34976452119309265,0.5530442804428044
0.34976452119309265,0.5532749077490775
0.3500784929356358,0.5532749077490775
0.3500784929356358,0.5537361623616236
0.35039246467817897,0.5537361623616236
0.35039246467817897,0.5541974169741697
0.35070643642072213,0.5541974169741697
0.35070643642072213,0.5546586715867159
0.35133437990580846,0.5546586715867159
0.35133437990580846,0.555119926199262
0.35196232339089484,0.555119926199262
0.35196232339089484,0.5553505535055351
0.35259026687598116,0.5553505535055351
0.35259026687598116,0.5555811808118081
0.3529042386185243,0.5555811808118081
0.3529042386185243,0.558809963099631
0.3532182103610675,0.558809963099631
0.3532182103610675,0.5592712177121771
0.35353218210361065,0.5592712177121771
0.35353218210361065,0.5597324723247232
0.35416012558869703,0.5597324723247232
0.35416012558869703,0.5611162361623616
0.3544740973312402,0.5611162361623616
0.3544740973312402,0.5618081180811808
0.35604395604395606,0.5618081180811808
0.35604395604395606,0.5622693726937269
0.3563579277864992,0.5622693726937269
0.3563579277864992,0.5627306273062731
0.35698587127158554,0.5627306273062731
0.35698587127158554,0.5634225092250923
0.35949764521193095,0.5634225092250923
0.35949764521193095,0.5638837638376384
0.3601255886970173,0.5638837638376384
0.3601255886970173,0.5645756457564576
0.36043956043956044,0.5645756457564576
0.36043956043956044,0.5648062730627307
0.36138147566719,0.5648062730627307
0.36138147566719,0.5654981549815498
0.36169544740973314,0.5654981549815498
0.36169544740973314,0.5673431734317343
0.3620094191522763,0.5673431734317343
0.3620094191522763,0.5680350553505535
0.3626373626373626,0.5680350553505535
0.3626373626373626,0.5682656826568265
0.3629513343799058,0.5682656826568265
0.3629513343799058,0.5687269372693727
0.36357927786499217,0.5687269372693727
0.36357927786499217,0.5701107011070111
0.3642072213500785,0.5701107011070111
0.3642072213500785,0.5710332103321033
0.3648351648351648,0.5710332103321033
0.3648351648351648,0.5714944649446494
0.36514913657770803,0.5714944649446494
0.36514913657770803,0.5717250922509225
0.3654631083202512,0.5717250922509225
0.3654631083202512,0.5719557195571956
0.3660910518053375,0.5719557195571956
0.3660910518053375,0.5721863468634686
0.3664050235478807,0.5721863468634686
0.3664050235478807,0.5726476014760148
0.3673469387755102,0.5726476014760148
0.3673469387755102,0.5740313653136532
0.3676609105180534,0.5740313653136532
0.3676609105180534,0.5756457564575646
0.3682888540031397,0.5756457564575646
0.3682888540031397,0.5758763837638377
0.36860282574568287,0.5758763837638377
0.36860282574568287,0.5767988929889298
0.36891679748822603,0.5767988929889298
0.36891679748822603,0.577490774907749
0.36923076923076925,0.577490774907749
0.36923076923076925,0.5795664206642066
0.3695447409733124,0.5795664206642066
0.3695447409733124,0.5800276752767528
0.37017268445839874,0.5800276752767528
0.37017268445839874,0.5802583025830258
0.37142857142857144,0.5802583025830258
0.37142857142857144,0.5804889298892989
0.3717425431711146,0.5804889298892989
0.3717425431711146,0.580950184501845
0.37205651491365777,0.580950184501845
0.37205651491365777,0.5811808118081181
0.3729984301412873,0.5811808118081181
0.3729984301412873,0.5814114391143912
0.37362637362637363,0.5814114391143912
0.37362637362637363,0.5816420664206642
0.37425431711145996,0.5816420664206642
0.37425431711145996,0.5823339483394834
0.3745682888540031,0.5823339483394834
0.3745682888540031,0.5827952029520295
0.3751962323390895,0.5827952029520295
0.3751962323390895,0.5832564575645757
0.376138147566719,0.5832564575645757
0.376138147566719,0.5839483394833949
0.37676609105180536,0.5839483394833949
0.37676609105180536,0.5841789667896679
0.3773940345368917,0.5841789667896679
0.3773940345368917,0.5855627306273062
0.3786499215070644,0.5855627306273062
0.3786499215070644,0.5857933579335793
0.3792778649921507,0.5857933579335793
0.3792778649921507,0.5860239852398524
0.37990580847723704,0.5860239852398524
0.37990580847723704,0.5864852398523985
0.3802197802197802,0.5864852398523985
0.3802197802197802,0.5869464944649446
0.38053375196232336,0.5869464944649446
0.38053375196232336,0.5874077490774908
0.3808477237048666,0.5874077490774908
0.3808477237048666,0.5880996309963099
0.38210361067503923,0.5880996309963099
0.38210361067503923,0.5890221402214022
0.3824175824175824,0.5890221402214022
0.3824175824175824,0.5892527675276753
0.3827315541601256,0.5892527675276753
0.3827315541601256,0.5894833948339483
0.38304552590266877,0.5894833948339483
0.38304552590266877,0.5899446494464945
0.38335949764521193,0.5899446494464945
0.38335949764521193,0.5901752767527675
0.3836734693877551,0.5901752767527675
0.3836734693877551,0.5904059040590406
0.38398744113029826,0.5904059040590406
0.38398744113029826,0.5910977859778598
0.3843014128728414,0.5910977859778598
0.3843014128728414,0.5920202952029521
0.38461538461538464,0.5920202952029521
0.38461538461538464,0.5922509225092251
0.3849293563579278,0.5922509225092251
0.3849293563579278,0.5924815498154982
0.38524332810047096,0.5924815498154982
0.38524332810047096,0.5929428044280443
0.3855572998430141,0.5929428044280443
0.3855572998430141,0.5934040590405905
0.3858712715855573,0.5934040590405905
0.3858712715855573,0.5943265682656826
0.38618524332810045,0.5943265682656826
0.38618524332810045,0.5952490774907749
0.38649921507064366,0.5952490774907749
0.38649921507064366,0.5954797047970479
0.3868131868131868,0.5954797047970479
0.3868131868131868,0.595710332103321
0.38712715855573,0.595710332103321
0.38712715855573,0.5966328413284133
0.3877551020408163,0.5966328413284133
0.3877551020408163,0.5968634686346863
0.3880690737833595,0.5968634686346863
0.3880690737833595,0.5973247232472325
0.3883830455259027,0.5973247232472325
0.3883830455259027,0.5980166051660517
0.38869701726844585,0.5980166051660517
0.38869701726844585,0.5994003690036901
0.389010989010989,0.5994003690036901
0.389010989010989,0.5998616236162362
0.3902668759811617,0.5998616236162362
0.3902668759811617,0.6003228782287823
0.39089481946624804,0.6003228782287823
0.39089481946624804,0.6012453874538746
0.39183673469387753,0.6012453874538746
0.39183673469387753,0.6019372693726938
0.39215070643642075,0.6019372693726938
0.39215070643642075,0.6021678966789668
0.3924646781789639,0.6021678966789668
0.3924646781789639,0.602629151291513
0.3927786499215071,0.602629151291513
0.3927786499215071,0.602859778597786
0.3934065934065934,0.602859778597786
0.3934065934065934,0.603090405904059
0.3940345368916798,0.603090405904059
0.3940345368916798,0.6033210332103321
0.3946624803767661,0.6033210332103321
0.3946624803767661,0.6035516605166051
0.39497645211930926,0.6035516605166051
0.39497645211930926,0.6040129151291513
0.39591836734693875,0.6040129151291513
0.39591836734693875,0.6042435424354243
0.39654631083202513,0.6042435424354243
0.39654631083202513,0.6060885608856088
0.3968602825745683,0.6060885608856088
0.3968602825745683,0.606549815498155
0.3974882260596546,0.606549815498155
0.3974882260596546,0.606780442804428
0.3978021978021978,0.606780442804428
0.3978021978021978,0.6077029520295203
0.398116169544741,0.6077029520295203
0.398116169544741,0.6079335793357934
0.3987441130298273,0.6079335793357934
0.3987441130298273,0.6081642066420664
0.39937205651491364,0.6081642066420664
0.39937205651491364,0.6083948339483395
0.3996860282574568,0.6083948339483395
0.3996860282574568,0.6086254612546126
0.4003139717425432,0.6086254612546126
0.4003139717425432,0.610009225092251
0.4009419152276295,0.610009225092251
0.4009419152276295,0.610239852398524
0.40125588697017267,0.610239852398524
0.40125588697017267,0.6104704797047971
0.40156985871271583,0.6104704797047971
0.40156985871271583,0.6109317343173432
0.40188383045525905,0.6109317343173432
0.40188383045525905,0.6116236162361623
0.4025117739403454,0.6116236162361623
0.4025117739403454,0.6118542435424354
0.40282574568288854,0.6118542435424354
0.40282574568288854,0.6123154981549815
0.4031397174254317,0.6123154981549815
0.4031397174254317,0.6127767527675276
0.40345368916797486,0.6127767527675276
0.40345368916797486,0.614160516605166
0.4037676609105181,0.614160516605166
0.4037676609105181,0.6148523985239852
0.40408163265306124,0.6148523985239852
0.40408163265306124,0.6153136531365314
0.4043956043956044,0.6153136531365314
0.4043956043956044,0.6160055350553506
0.40470957613814756,0.6160055350553506
0.40470957613814756,0.6162361623616236
0.4050235478806907,0.6162361623616236
0.4050235478806907,0.6166974169741697
0.4053375196232339,0.6166974169741697
0.4053375196232339,0.6171586715867159
0.4056514913657771,0.6171586715867159
0.4056514913657771,0.6173892988929889
0.40596546310832027,0.6173892988929889
0.40596546310832027,0.6183118081180812
0.40627943485086343,0.6183118081180812
0.40627943485086343,0.6187730627306273
0.4065934065934066,0.6187730627306273
0.4065934065934066,0.6190036900369004
0.40753532182103613,0.6190036900369004
0.40753532182103613,0.6208487084870848
0.4084772370486656,0.6208487084870848
0.4084772370486656,0.6222324723247232
0.4087912087912088,0.6222324723247232
0.4087912087912088,0.6224630996309963
0.4097331240188383,0.6224630996309963
0.4097331240188383,0.6226937269372693
0.41036106750392465,0.6226937269372693
0.41036106750392465,0.6233856088560885
0.41098901098901097,0.6233856088560885
0.41098901098901097,0.6236162361623616
0.4119309262166405,0.6236162361623616
0.4119309262166405,0.6245387453874539
0.41255886970172684,0.6245387453874539
0.41255886970172684,0.6247693726937269
0.41287284144427,0.6247693726937269
0.41287284144427,0.6254612546125461
0.41318681318681316,0.6254612546125461
0.41318681318681316,0.6261531365313653
0.4135007849293564,0.6261531365313653
0.4135007849293564,0.6268450184501845
0.41475667189952903,0.6268450184501845
0.41475667189952903,0.6270756457564576
0.4153846153846154,0.6270756457564576
0.4153846153846154,0.6273062730627307
0.41569858712715857,0.6273062730627307
0.41569858712715857,0.6275369003690037
0.41601255886970173,0.6275369003690037
0.41601255886970173,0.6277675276752768
0.41664050235478806,0.6277675276752768
0.41664050235478806,0.6279981549815498
0.4169544740973312,0.6279981549815498
0.4169544740973312,0.6282287822878229
0.41726844583987444,0.6282287822878229
0.41726844583987444,0.628920664206642
0.4185243328100471,0.628920664206642
0.4185243328100471,0.6291512915129152
0.41915227629513346,0.6291512915129152
0.41915227629513346,0.6298431734317343
0.4194662480376766,0.6298431734317343
0.4194662480376766,0.6300738007380073
0.4197802197802198,0.6300738007380073
0.4197802197802198,0.6303044280442804
0.4207221350078493,0.6303044280442804
0.4207221350078493,0.6305350553505535
0.4210361067503925,0.6305350553505535
0.4210361067503925,0.6309963099630996
0.42135007849293565,0.6309963099630996
0.42135007849293565,0.6337638376383764
0.4216640502354788,0.6337638376383764
0.4216640502354788,0.6339944649446494
0.42291993720565146,0.6339944649446494
0.42291993720565146,0.6344557195571956
0.4232339089481947,0.6344557195571956
0.4232339089481947,0.6369926199261993
0.42354788069073784,0.6369926199261993
0.42354788069073784,0.6381457564575646
0.423861852433281,0.6381457564575646
0.423861852433281,0.6383763837638377
0.42417582417582417,0.6383763837638377
0.42417582417582417,0.6386070110701108
0.4248037676609105,0.6386070110701108
0.4248037676609105,0.6388376383763837
0.4251177394034537,0.6388376383763837
0.4251177394034537,0.6390682656826568
0.4260596546310832,0.6390682656826568
0.4260596546310832,0.6392988929889298
0.42700156985871274,0.6392988929889298
0.42700156985871274,0.639760147601476
0.4273155416012559,0.639760147601476
0.4273155416012559,0.6416051660516605
0.42762951334379906,0.6416051660516605
0.42762951334379906,0.6418357933579336
0.4279434850863422,0.6418357933579336
0.4279434850863422,0.6422970479704797
0.4282574568288854,0.6422970479704797
0.4282574568288854,0.6425276752767528
0.4295133437990581,0.6425276752767528
0.4295133437990581,0.6427583025830258
0.4304552590266876,0.6427583025830258
0.4304552590266876,0.643219557195572
0.4307692307692308,0.643219557195572
0.4307692307692308,0.6436808118081181
0.43108320251177396,0.6436808118081181
0.43108320251177396,0.6443726937269373
0.4313971742543171,0.6443726937269373
0.4313971742543171,0.6452952029520295
0.4317111459968603,0.6452952029520295
0.4317111459968603,0.6457564575645757
0.43202511773940344,0.6457564575645757
0.43202511773940344,0.6464483394833949
0.43328100470957615,0.6464483394833949
0.43328100470957615,0.6466789667896679
0.4335949764521193,0.6466789667896679
0.4335949764521193,0.646909594095941
0.43422291993720563,0.646909594095941
0.43422291993720563,0.647140221402214
0.43453689167974885,0.647140221402214
0.43453689167974885,0.6482933579335793
0.434850863422292,0.6482933579335793
0.434850863422292,0.6489852398523985
0.4351648351648352,0.6489852398523985
0.4351648351648352,0.6492158671586716
0.43547880690737834,0.6492158671586716
0.43547880690737834,0.6496771217712177
0.4357927786499215,0.6496771217712177
0.4357927786499215,0.6501383763837638
0.43610675039246466,0.6501383763837638
0.43610675039246466,0.6510608856088561
0.4364207221350079,0.6510608856088561
0.4364207221350079,0.6517527675276753
0.4370486656200942,0.6517527675276753
0.4370486656200942,0.6519833948339483
0.4379905808477237,0.6519833948339483
0.4379905808477237,0.6522140221402214
0.43830455259026685,0.6522140221402214
0.43830455259026685,0.6529059040590406
0.4392464678178964,0.6529059040590406
0.4392464678178964,0.6533671586715867
0.4398744113029827,0.6533671586715867
0.4398744113029827,0.6540590405904059
0.4401883830455259,0.6540590405904059
0.4401883830455259,0.654289667896679
0.4411302982731554,0.654289667896679
0.4411302982731554,0.6552121771217713
0.4414442700156986,0.6552121771217713
0.4414442700156986,0.6554428044280443
0.44175824175824174,0.6554428044280443
0.44175824175824174,0.6556734317343174
0.4427001569858713,0.6556734317343174
0.4427001569858713,0.6563653136531366
0.4433281004709576,0.6563653136531366
0.4433281004709576,0.6570571955719557
0.44364207221350077,0.6570571955719557
0.44364207221350077,0.658210332103321
0.44395604395604393,0.658210332103321
0.44395604395604393,0.6591328413284133
0.44427001569858715,0.6591328413284133
0.44427001569858715,0.661669741697417
0.4448979591836735,0.661669741697417
0.4448979591836735,0.6619003690036901
0.44521193092621664,0.6619003690036901
0.44521193092621664,0.6623616236162362
0.4455259026687598,0.6623616236162362
0.4455259026687598,0.6625922509225092
0.4461538461538462,0.6625922509225092
0.4461538461538462,0.6628228782287823
0.44646781789638934,0.6628228782287823
0.44646781789638934,0.6630535055350554
0.4467817896389325,0.6630535055350554
0.4467817896389325,0.6637453874538746
0.447723704866562,0.6637453874538746
0.447723704866562,0.6639760147601476
0.44866562009419153,0.6639760147601476
0.44866562009419153,0.6646678966789668
0.44929356357927785,0.6646678966789668
0.44929356357927785,0.6648985239852399
0.449607535321821,0.6648985239852399
0.449607535321821,0.665129151291513
0.44992150706436423,0.665129151291513
0.44992150706436423,0.6658210332103321
0.4502354788069074,0.6658210332103321
0.4502354788069074,0.6665129151291513
0.4508634222919937,0.6665129151291513
0.4508634222919937,0.6669741697416974
0.4511773940345369,0.6669741697416974
0.4511773940345369,0.6676660516605166
0.45274725274725275,0.6676660516605166
0.45274725274725275,0.6678966789667896
0.4530612244897959,0.6678966789667896
0.4530612244897959,0.6683579335793358
0.45368916797488223,0.6683579335793358
0.45368916797488223,0.6688191881918819
0.45400313971742545,0.6688191881918819
0.45400313971742545,0.669049815498155
0.4543171114599686,0.669049815498155
0.4543171114599686,0.6695110701107011
0.4552590266875981,0.6695110701107011
0.4552590266875981,0.6697416974169742
0.45620094191522764,0.6697416974169742
0.45620094191522764,0.6702029520295203
0.4565149136577708,0.6702029520295203
0.4565149136577708,0.6704335793357934
0.45682888540031397,0.6704335793357934
0.45682888540031397,0.6706642066420664
0.45714285714285713,0.6706642066420664
0.45714285714285713,0.6711254612546126
0.45839874411302983,0.6711254612546126
0.45839874411302983,0.6722785977859779
0.458712715855573,0.6722785977859779
0.458712715855573,0.672739852398524
0.46028257456828886,0.672739852398524
0.46028257456828886,0.6729704797047971
0.460596546310832,0.6729704797047971
0.460596546310832,0.6734317343173432
0.46122448979591835,0.6734317343173432
0.46122448979591835,0.6736623616236163
0.46153846153846156,0.6736623616236163
0.46153846153846156,0.6750461254612546
0.4621664050235479,0.6750461254612546
0.4621664050235479,0.6755073800738007
0.4627943485086342,0.6755073800738007
0.4627943485086342,0.6759686346863468
0.4631083202511774,0.6759686346863468
0.4631083202511774,0.6761992619926199
0.4634222919937206,0.6761992619926199
0.4634222919937206,0.676429889298893
0.46373626373626375,0.676429889298893
0.46373626373626375,0.6773523985239852
0.4643642072213501,0.6773523985239852
0.4643642072213501,0.6775830258302583
0.4649921507064364,0.6775830258302583
0.4649921507064364,0.6782749077490775
0.4656200941915228,0.6782749077490775
0.4656200941915228,0.6798892988929889
0.46593406593406594,0.6798892988929889
0.46593406593406594,0.680119926199262
0.46656200941915227,0.680119926199262
0.46656200941915227,0.6805811808118081
0.4671899529042386,0.6805811808118081
0.4671899529042386,0.6817343173431735
0.46781789638932497,0.6817343173431735
0.46781789638932497,0.6819649446494465
0.46875981161695446,0.6819649446494465
0.46875981161695446,0.6828874538745388
0.469701726844584,0.6828874538745388
0.469701726844584,0.6833487084870848
0.47001569858712716,0.6833487084870848
0.47001569858712716,0.683579335793358
0.4706436420722135,0.683579335793358
0.4706436420722135,0.683809963099631
0.47095761381475665,0.683809963099631
0.47095761381475665,0.684040590405904
0.47127158555729987,0.684040590405904
0.47127158555729987,0.6845018450184502
0.47158555729984303,0.6845018450184502
0.47158555729984303,0.6849630996309963
0.47221350078492935,0.6849630996309963
0.47221350078492935,0.6858856088560885
0.4725274725274725,0.6858856088560885
0.4725274725274725,0.6872693726937269
0.4737833594976452,0.6872693726937269
0.4737833594976452,0.6875
0.4747252747252747,0.6875
0.4747252747252747,0.6877306273062731
0.4750392464678179,0.6877306273062731
0.4750392464678179,0.6881918819188192
0.4759811616954474,0.6881918819188192
0.4759811616954474,0.6884225092250923
0.47629513343799057,0.6884225092250923
0.47629513343799057,0.6891143911439115
0.47660910518053373,0.6891143911439115
0.47660910518053373,0.6907287822878229
0.4772370486656201,0.6907287822878229
0.4772370486656201,0.6921125461254612
0.47786499215070644,0.6921125461254612
0.47786499215070644,0.6928044280442804
0.478806907378336,0.6928044280442804
0.478806907378336,0.6932656826568265
0.47912087912087914,0.6932656826568265
0.47912087912087914,0.6939575645756457
0.4794348508634223,0.6939575645756457
0.4794348508634223,0.6946494464944649
0.47974882260596546,0.6946494464944649
0.47974882260596546,0.6951107011070111
0.4800627943485086,0.6951107011070111
0.4800627943485086,0.6953413284132841
0.48069073783359495,0.6953413284132841
0.48069073783359495,0.6960332103321033
0.48100470957613817,0.6960332103321033
0.48100470957613817,0.6971863468634686
0.48131868131868133,0.6971863468634686
0.48131868131868133,0.6974169741697417
0.4816326530612245,0.6974169741697417
0.4816326530612245,0.6976476014760148
0.48194662480376765,0.6976476014760148
0.48194662480376765,0.698570110701107
0.4822605965463108,0.698570110701107
0.4822605965463108,0.6988007380073801
0.4828885400313972,0.6988007380073801
0.4828885400313972,0.6992619926199262
0.48320251177394036,0.6992619926199262
0.48320251177394036,0.6994926199261993
0.4835164835164835,0.6994926199261993
0.4835164835164835,0.6997232472324724
0.48414442700156984,0.6997232472324724
0.48414442700156984,0.6999538745387454
0.484458398744113,0.6999538745387454
0.484458398744113,0.7004151291512916
0.4847723704866562,0.7004151291512916
0.4847723704866562,0.7006457564575646
0.48602825745682887,0.7006457564575646
0.48602825745682887,0.7008763837638377
0.48634222919937203,0.7008763837638377
0.48634222919937203,0.7015682656826568
0.48665620094191525,0.7015682656826568
0.48665620094191525,0.7017988929889298
0.4869701726844584,0.7017988929889298
0.4869701726844584,0.7029520295202952
0.4872841444270016,0.7029520295202952
0.4872841444270016,0.7043357933579336
0.48759811616954474,0.7043357933579336
0.48759811616954474,0.7050276752767528
0.48885400313971744,0.7050276752767528
0.48885400313971744,0.7052583025830258
0.4891679748822606,0.7052583025830258
0.4891679748822606,0.7061808118081181
0.48948194662480377,0.7061808118081181
0.48948194662480377,0.7066420664206642
0.4901098901098901,0.7066420664206642
0.4901098901098901,0.7068726937269373
0.4904238618524333,0.7068726937269373
0.4904238618524333,0.7077952029520295
0.49073783359497647,0.7077952029520295
0.49073783359497647,0.7084870848708487
0.4913657770800628,0.7084870848708487
0.4913657770800628,0.7089483394833949
0.49167974882260596,0.7089483394833949
0.49167974882260596,0.7101014760147601
0.4919937205651491,0.7101014760147601
0.4919937205651491,0.7103321033210332
0.49230769230769234,0.7103321033210332
0.49230769230769234,0.7105627306273062
0.4926216640502355,0.7105627306273062
0.4926216640502355,0.7110239852398524
0.49293563579277866,0.7110239852398524
0.49293563579277866,0.7130996309963099
0.493563579277865,0.7130996309963099
0.493563579277865,0.7135608856088561
0.4948194662480377,0.7135608856088561
0.4948194662480377,0.7137915129151291
0.495447409733124,0.7137915129151291
0.495447409733124,0.7142527675276753
0.49607535321821034,0.7142527675276753
0.49607535321821034,0.7154059040590406
0.49638932496075355,0.7154059040590406
0.49638932496075355,0.7156365313653137
0.4967032967032967,0.7156365313653137
0.4967032967032967,0.7163284132841329
0.4970172684458399,0.7163284132841329
0.4970172684458399,0.716789667896679
0.49795918367346936,0.716789667896679
0.49795918367346936,0.7170202952029521
0.49858712715855574,0.7170202952029521
0.49858712715855574,0.7174815498154982
0.4989010989010989,0.7174815498154982
0.4989010989010989,0.7186346863468634
0.49921507064364207,0.7186346863468634
0.49921507064364207,0.7193265682656826
0.4998430141287284,0.7193265682656826
0.4998430141287284,0.7197878228782287
0.5004709576138148,0.7197878228782287
0.5004709576138148,0.7200184501845018
0.5023547880690737,0.7200184501845018
0.5023547880690737,0.720710332103321
0.5029827315541602,0.720710332103321
0.5029827315541602,0.7214022140221402
0.5042386185243328,0.7214022140221402
0.5042386185243328,0.7216328413284133
0.5045525902668759,0.7216328413284133
0.5045525902668759,0.7225553505535055
0.5051805337519624,0.7225553505535055
0.5051805337519624,0.7230166051660517
0.506436420722135,0.7230166051660517
0.506436420722135,0.7237084870848709
0.5070643642072213,0.7237084870848709
0.5070643642072213,0.7239391143911439
0.5073783359497646,0.7239391143911439
0.5073783359497646,0.7246309963099631
0.5080062794348509,0.7246309963099631
0.5080062794348509,0.7248616236162362
0.508320251177394,0.7248616236162362
0.508320251177394,0.7250922509225092
0.5086342229199372,0.7250922509225092
0.5086342229199372,0.7255535055350554
0.5089481946624804,0.7255535055350554
0.5089481946624804,0.7257841328413284
0.5092621664050235,0.7257841328413284
0.5092621664050235,0.7262453874538746
0.5108320251177394,0.7262453874538746
0.5108320251177394,0.7264760147601476
0.5117739403453689,0.7264760147601476
0.5117739403453689,0.7269372693726938
0.512087912087912,0.7269372693726938
0.512087912087912,0.7271678966789668
0.5130298273155416,0.7271678966789668
0.5130298273155416,0.727629151291513
0.5133437990580848,0.727629151291513
0.5133437990580848,0.727859778597786
0.5136577708006279,0.727859778597786
0.5136577708006279,0.728090405904059
0.5145996860282575,0.728090405904059
0.5145996860282575,0.7285516605166051
0.5149136577708007,0.7285516605166051
0.5149136577708007,0.7287822878228782
0.5152276295133438,0.7287822878228782
0.5152276295133438,0.7290129151291513
0.5158555729984301,0.7290129151291513
0.5158555729984301,0.7299354243542435
0.5164835164835165,0.7299354243542435
0.5164835164835165,0.7301660516605166
0.517425431711146,0.7301660516605166
0.517425431711146,0.7308579335793358
0.5177394034536892,0.7308579335793358
0.5177394034536892,0.7310885608856088
0.5183673469387755,0.7310885608856088
0.5183673469387755,0.731549815498155
0.5189952904238618,0.731549815498155
0.5189952904238618,0.7320110701107011
0.519309262166405,0.7320110701107011
0.519309262166405,0.7324723247232472
0.5215070643642072,0.7324723247232472
0.5215070643642072,0.7327029520295203
0.5218210361067503,0.7327029520295203
0.5218210361067503,0.7331642066420664
0.5230769230769231,0.7331642066420664
0.5230769230769231,0.7343173431734318
0.5233908948194662,0.7343173431734318
0.5233908948194662,0.7345479704797048
0.5237048665620094,0.7345479704797048
0.5237048665620094,0.735239852398524
0.5240188383045525,0.735239852398524
0.5240188383045525,0.7357011070110702
0.5243328100470958,0.7357011070110702
0.5243328100470958,0.7359317343173432
0.5252747252747253,0.7359317343173432
0.5252747252747253,0.7361623616236163
0.5255886970172684,0.7361623616236163
0.5255886970172684,0.7366236162361623
0.5259026687598116,0.7366236162361623
0.5259026687598116,0.7368542435424354
0.5262166405023548,0.7368542435424354
0.5262166405023548,0.7375461254612546
0.5268445839874412,0.7375461254612546
0.5268445839874412,0.7382380073800738
0.5271585557299843,0.7382380073800738
0.5271585557299843,0.7384686346863468
0.5277864992150706,0.7384686346863468
0.5277864992150706,0.7386992619926199
0.528414442700157,0.7386992619926199
0.528414442700157,0.738929889298893
0.5287284144427001,0.738929889298893
0.5287284144427001,0.739160516605166
0.5290423861852434,0.739160516605166
0.5290423861852434,0.7398523985239852
0.5296703296703297,0.7398523985239852
0.5296703296703297,0.7400830258302583
0.530298273155416,0.7400830258302583
0.530298273155416,0.7407749077490775
0.5306122448979592,0.7407749077490775
0.5306122448979592,0.7412361623616236
0.5321821036106751,0.7412361623616236
0.5321821036106751,0.7419280442804428
0.5331240188383045,0.7419280442804428
0.5331240188383045,0.7421586715867159
0.5334379905808477,0.7421586715867159
0.5334379905808477,0.742619926199262
0.533751962323391,0.742619926199262
0.533751962323391,0.7433118081180812
0.5340659340659341,0.7433118081180812
0.5340659340659341,0.7437730627306273
0.5346938775510204,0.7437730627306273
0.5346938775510204,0.7442343173431735
0.5353218210361067,0.7442343173431735
0.5353218210361067,0.7458487084870848
0.5356357927786499,0.7458487084870848
0.5356357927786499,0.746079335793358
0.5365777080062795,0.746079335793358
0.5365777080062795,0.746309963099631
0.5372056514913658,0.746309963099631
0.5372056514913658,0.7476937269372693
0.5375196232339089,0.7476937269372693
0.5375196232339089,0.7488468634686347
0.5384615384615384,0.7488468634686347
0.5384615384615384,0.7497693726937269
0.5387755102040817,0.7497693726937269
0.5387755102040817,0.75
0.539403453689168,0.75
0.539403453689168,0.7506918819188192
0.5400313971742543,0.7506918819188192
0.5400313971742543,0.7509225092250923
0.5403453689167975,0.7509225092250923
0.5403453689167975,0.7511531365313653
0.5422291993720565,0.7511531365313653
0.5422291993720565,0.7520756457564576
0.5425431711145997,0.7520756457564576
0.5425431711145997,0.7527675276752768
0.5428571428571428,0.7527675276752768
0.5428571428571428,0.7532287822878229
0.543171114599686,0.7532287822878229
0.543171114599686,0.753690036900369
0.5434850863422293,0.753690036900369
0.5434850863422293,0.7541512915129152
0.5444270015698587,0.7541512915129152
0.5444270015698587,0.7548431734317343
0.5447409733124019,0.7548431734317343
0.5447409733124019,0.7550738007380073
0.545054945054945,0.7550738007380073
0.545054945054945,0.7564575645756457
0.5456828885400314,0.7564575645756457
0.5456828885400314,0.7569188191881919
0.5459968602825745,0.7569188191881919
0.5459968602825745,0.7576107011070111
0.5463108320251178,0.7576107011070111
0.5463108320251178,0.7585332103321033
0.5466248037676609,0.7585332103321033
0.5466248037676609,0.7592250922509225
0.5472527472527473,0.7592250922509225
0.5472527472527473,0.7594557195571956
0.5475667189952904,0.7594557195571956
0.5475667189952904,0.7599169741697417
0.5481946624803767,0.7599169741697417
0.5481946624803767,0.7601476014760148
0.5488226059654631,0.7601476014760148
0.5488226059654631,0.7603782287822878
0.5497645211930926,0.7603782287822878
0.5497645211930926,0.761070110701107
0.5503924646781789,0.761070110701107
0.5503924646781789,0.7617619926199262
0.5507064364207221,0.7617619926199262
0.5507064364207221,0.7622232472324724
0.5510204081632653,0.7622232472324724
0.5510204081632653,0.7624538745387454
0.5516483516483517,0.7624538745387454
0.5516483516483517,0.7626845018450185
0.5519623233908948,0.7626845018450185
0.5519623233908948,0.7638376383763837
0.552276295133438,0.7638376383763837
0.552276295133438,0.7642988929889298
0.5525902668759811,0.7642988929889298
0.5525902668759811,0.7645295202952029
0.5532182103610676,0.7645295202952029
0.5532182103610676,0.764760147601476
0.554160125588697,0.764760147601476
0.554160125588697,0.7654520295202952
0.5551020408163265,0.7654520295202952
0.5551020408163265,0.7656826568265682
0.5557299843014128,0.7656826568265682
0.5557299843014128,0.7661439114391144
0.5560439560439561,0.7661439114391144
0.5560439560439561,0.7668357933579336
0.5566718995290424,0.7668357933579336
0.5566718995290424,0.7670664206642066
0.5569858712715856,0.7670664206642066
0.5569858712715856,0.7672970479704797
0.5572998430141287,0.7672970479704797
0.5572998430141287,0.7675276752767528
0.5576138147566719,0.7675276752767528
0.5576138147566719,0.7677583025830258
0.5585557299843014,0.7677583025830258
0.5585557299843014,0.7679889298892989
0.5588697017268446,0.7679889298892989
0.5588697017268446,0.7686808118081181
0.5598116169544741,0.7686808118081181
0.5598116169544741,0.7691420664206642
0.5601255886970172,0.7691420664206642
0.5601255886970172,0.7698339483394834
0.5604395604395604,0.7698339483394834
0.5604395604395604,0.7702952029520295
0.5610675039246468,0.7702952029520295
0.5610675039246468,0.7709870848708487
0.5620094191522763,0.7709870848708487
0.5620094191522763,0.7714483394833949
0.563265306122449,0.7714483394833949
0.563265306122449,0.772140221402214
0.5635792778649922,0.772140221402214
0.5635792778649922,0.772370848708487
0.5638932496075353,0.772370848708487
0.5638932496075353,0.7728321033210332
0.5642072213500785,0.7728321033210332
0.5642072213500785,0.7737546125461254
0.565149136577708,0.7737546125461254
0.565149136577708,0.7742158671586716
0.5660910518053375,0.7742158671586716
0.5660910518053375,0.7744464944649446
0.5667189952904239,0.7744464944649446
0.5667189952904239,0.7746771217712177
0.567032967032967,0.7746771217712177
0.567032967032967,0.7749077490774908
0.5673469387755102,0.7749077490774908
0.5673469387755102,0.7753690036900369
0.5676609105180533,0.7753690036900369
0.5676609105180533,0.7755996309963099
0.5679748822605966,0.7755996309963099
0.5679748822605966,0.7760608856088561
0.5686028257456829,0.7760608856088561
0.5686028257456829,0.7769833948339483
0.5689167974882261,0.7769833948339483
0.5689167974882261,0.7774446494464945
0.5692307692307692,0.7774446494464945
0.5692307692307692,0.7776752767527675
0.5695447409733124,0.7776752767527675
0.5695447409733124,0.7779059040590406
0.570486656200942,0.7779059040590406
0.570486656200942,0.7795202952029521
0.5708006279434851,0.7795202952029521
0.5708006279434851,0.7797509225092251
0.5711145996860283,0.7797509225092251
0.5711145996860283,0.7804428044280443
0.5714285714285714,0.7804428044280443
0.5714285714285714,0.7820571955719557
0.5717425431711146,0.7820571955719557
0.5717425431711146,0.7822878228782287
0.5723704866562009,0.7822878228782287
0.5723704866562009,0.7827490774907749
0.5733124018838305,0.7827490774907749
0.5733124018838305,0.783210332103321
0.5736263736263736,0.783210332103321
0.5736263736263736,0.7834409594095941
0.5739403453689168,0.7834409594095941
0.5739403453689168,0.7839022140221402
0.5748822605965463,0.7839022140221402
0.5748822605965463,0.7850553505535055
0.5755102040816327,0.7850553505535055
0.5755102040816327,0.7852859778597786
0.5758241758241758,0.7852859778597786
0.5758241758241758,0.7862084870848709
0.576138147566719,0.7862084870848709
0.576138147566719,0.786669741697417
0.5764521193092622,0.786669741697417
0.5764521193092622,0.7869003690036901
0.5767660910518053,0.7869003690036901
0.5767660910518053,0.7871309963099631
0.5773940345368916,0.7871309963099631
0.5773940345368916,0.7873616236162362
0.578021978021978,0.7873616236162362
0.578021978021978,0.7875922509225092
0.5783359497645212,0.7875922509225092
0.5783359497645212,0.7878228782287823
0.5789638932496075,0.7878228782287823
0.5789638932496075,0.7885147601476015
0.579905808477237,0.7885147601476015
0.579905808477237,0.7892066420664207
0.5811616954474097,0.7892066420664207
0.5811616954474097,0.7896678966789668
0.581789638932496,0.7896678966789668
0.581789638932496,0.7898985239852399
0.5821036106750392,0.7898985239852399
0.5821036106750392,0.790129151291513
0.5830455259026688,0.790129151291513
0.5830455259026688,0.790590405904059
0.5833594976452119,0.790590405904059
0.5833594976452119,0.7910516605166051
0.5836734693877551,0.7910516605166051
0.5836734693877551,0.7922047970479705
0.5843014128728414,0.7922047970479705
0.5843014128728414,0.7926660516605166
0.5849293563579278,0.7926660516605166
0.5849293563579278,0.7931273062730627
0.5855572998430141,0.7931273062730627
0.5855572998430141,0.7935885608856088
0.5858712715855573,0.7935885608856088
0.5858712715855573,0.7945110701107011
0.5861852433281005,0.7945110701107011
0.5861852433281005,0.7947416974169742
0.5864992150706436,0.7947416974169742
0.5864992150706436,0.7949723247232472
0.5877551020408164,0.7949723247232472
0.5877551020408164,0.7956642066420664
0.5883830455259027,0.7956642066420664
0.5883830455259027,0.7958948339483395
0.5893249607535321,0.7958948339483395
0.5893249607535321,0.7965867158671587
0.5896389324960754,0.7965867158671587
0.5896389324960754,0.7968173431734318
0.5902668759811617,0.7968173431734318
0.5902668759811617,0.7970479704797048
0.5905808477237049,0.7970479704797048
0.5905808477237049,0.7972785977859779
0.5912087912087912,0.7972785977859779
0.5912087912087912,0.7984317343173432
0.5915227629513344,0.7984317343173432
0.5915227629513344,0.7986623616236163
0.5918367346938775,0.7986623616236163
0.5918367346938775,0.7993542435424354
0.5930926216640502,0.7993542435424354
0.5930926216640502,0.8000461254612546
0.5937205651491366,0.8000461254612546
0.5937205651491366,0.8007380073800738
0.594348508634223,0.8007380073800738
0.594348508634223,0.8009686346863468
0.5946624803767661,0.8009686346863468
0.5946624803767661,0.8011992619926199
0.5952904238618524,0.8011992619926199
0.5952904238618524,0.801660516605166
0.5959183673469388,0.801660516605166
0.5959183673469388,0.8023523985239852
0.5962323390894819,0.8023523985239852
0.5962323390894819,0.8025830258302583
0.5965463108320251,0.8025830258302583
0.5965463108320251,0.8028136531365314
0.5968602825745682,0.8028136531365314
0.5968602825745682,0.8030442804428044
0.5974882260596547,0.8030442804428044
0.5974882260596547,0.8032749077490775
0.5978021978021978,0.8032749077490775
0.5978021978021978,0.8037361623616236
0.598116169544741,0.8037361623616236
0.598116169544741,0.8044280442804428
0.5984301412872841,0.8044280442804428
0.5984301412872841,0.8046586715867159
0.5987441130298273,0.8046586715867159
0.5987441130298273,0.8048892988929889
0.5993720565149137,0.8048892988929889
0.5993720565149137,0.805119926199262
0.5996860282574569,0.805119926199262
0.5996860282574569,0.8055811808118081
0.6006279434850863,0.8055811808118081
0.6006279434850863,0.8058118081180812
0.6015698587127158,0.8058118081180812
0.6015698587127158,0.8062730627306273
0.6018838304552591,0.8062730627306273
0.6018838304552591,0.8067343173431735
0.6025117739403454,0.8067343173431735
0.6025117739403454,0.8074261992619927
0.6028257456828885,0.8074261992619927
0.6028257456828885,0.8083487084870848
0.6034536891679749,0.8083487084870848
0.6034536891679749,0.808579335793358
0.603767660910518,0.808579335793358
0.603767660910518,0.8095018450184502
0.6040816326530613,0.8095018450184502
0.6040816326530613,0.8097324723247232
0.6043956043956044,0.8097324723247232
0.6043956043956044,0.8111162361623616
0.6047095761381476,0.8111162361623616
0.6047095761381476,0.8113468634686347
0.6053375196232339,0.8113468634686347
0.6053375196232339,0.8120387453874539
0.6062794348508634,0.8120387453874539
0.6062794348508634,0.8125
0.6065934065934065,0.8125
0.6065934065934065,0.8127306273062731
0.6069073783359498,0.8127306273062731
0.6069073783359498,0.8131918819188192
0.6075353218210361,0.8131918819188192
0.6075353218210361,0.8134225092250923
0.6078492935635793,0.8134225092250923
0.6078492935635793,0.8141143911439115
0.609105180533752,0.8141143911439115
0.609105180533752,0.8150369003690037
0.6094191522762952,0.8150369003690037
0.6094191522762952,0.8152675276752768
0.6097331240188383,0.8152675276752768
0.6097331240188383,0.8157287822878229
0.6103610675039246,0.8157287822878229
0.6103610675039246,0.8168819188191881
0.6106750392464678,0.8168819188191881
0.6106750392464678,0.8173431734317343
0.6113029827315541,0.8173431734317343
0.6113029827315541,0.8175738007380073
0.6116169544740974,0.8175738007380073
0.6116169544740974,0.8178044280442804
0.6125588697017268,0.8178044280442804
0.6125588697017268,0.8182656826568265
0.61287284144427,0.8182656826568265
0.61287284144427,0.8187269372693727
0.6131868131868132,0.8187269372693727
0.6131868131868132,0.8189575645756457
0.6138147566718996,0.8189575645756457
0.6138147566718996,0.8191881918819188
0.6141287284144427,0.8191881918819188
0.6141287284144427,0.8196494464944649
0.6144427001569859,0.8196494464944649
0.6144427001569859,0.819880073800738
0.6147566718995291,0.819880073800738
0.6147566718995291,0.8203413284132841
0.6153846153846154,0.8203413284132841
0.6153846153846154,0.8208025830258303
0.6156985871271585,0.8208025830258303
0.6156985871271585,0.8210332103321033
0.6163265306122448,0.8210332103321033
0.6163265306122448,0.8217250922509225
0.6169544740973313,0.8217250922509225
0.6169544740973313,0.8219557195571956
0.6178963893249607,0.8219557195571956
0.6178963893249607,0.8221863468634686
0.6182103610675039,0.8221863468634686
0.6182103610675039,0.8224169741697417
0.6185243328100472,0.8224169741697417
0.6185243328100472,0.8226476014760148
0.6191522762951335,0.8226476014760148
0.6191522762951335,0.823339483394834
0.6197802197802198,0.823339483394834
0.6197802197802198,0.823570110701107
0.6200941915227629,0.823570110701107
0.6200941915227629,0.8238007380073801
0.6207221350078493,0.8238007380073801
0.6207221350078493,0.8242619926199262
0.6213500784929357,0.8242619926199262
0.6213500784929357,0.8247232472324724
0.621978021978022,0.8247232472324724
0.621978021978022,0.8261070110701108
0.6226059654631083,0.8261070110701108
0.6226059654631083,0.8265682656826568
0.6229199372056515,0.8265682656826568
0.6229199372056515,0.8270295202952029
0.6232339089481946,0.8270295202952029
0.6232339089481946,0.827260147601476
0.6235478806907379,0.827260147601476
0.6235478806907379,0.827490774907749
0.6244897959183674,0.827490774907749
0.6244897959183674,0.8279520295202952
0.6248037676609105,0.8279520295202952
0.6248037676609105,0.8284132841328413
0.6251177394034537,0.8284132841328413
0.6251177394034537,0.8288745387453874
0.6254317111459968,0.8288745387453874
0.6254317111459968,0.8293357933579336
0.62574568288854,0.8293357933579336
0.62574568288854,0.8302583025830258
0.6263736263736264,0.8302583025830258
0.6263736263736264,0.8304889298892989
0.6266875981161696,0.8304889298892989
0.6266875981161696,0.830950184501845
0.6270015698587127,0.830950184501845
0.6270015698587127,0.8314114391143912
0.6273155416012559,0.8314114391143912
0.6273155416012559,0.8316420664206642
0.627629513343799,0.8316420664206642
0.627629513343799,0.8321033210332104
0.6279434850863422,0.8321033210332104
0.6279434850863422,0.8325645756457565
0.6285714285714286,0.8325645756457565
0.6285714285714286,0.8339483394833949
0.6291993720565149,0.8339483394833949
0.6291993720565149,0.8341789667896679
0.6295133437990581,0.8341789667896679
0.6295133437990581,0.8353321033210332
0.6301412872841444,0.8353321033210332
0.6301412872841444,0.8364852398523985
0.6304552590266876,0.8364852398523985
0.6304552590266876,0.8367158671586716
0.631083202511774,0.8367158671586716
0.631083202511774,0.8369464944649446
0.6317111459968603,0.8369464944649446
0.6317111459968603,0.8374077490774908
0.6320251177394035,0.8374077490774908
0.6320251177394035,0.8390221402214022
0.6323390894819466,0.8390221402214022
0.6323390894819466,0.8392527675276753
0.6329670329670329,0.8392527675276753
0.6329670329670329,0.8394833948339483
0.6332810047095762,0.8394833948339483
0.6332810047095762,0.8397140221402214
0.6335949764521193,0.8397140221402214
0.6335949764521193,0.8408671586715867
0.6342229199372057,0.8408671586715867
0.6342229199372057,0.8410977859778598
0.6345368916797488,0.8410977859778598
0.6345368916797488,0.8415590405904059
0.634850863422292,0.8415590405904059
0.634850863422292,0.841789667896679
0.6354788069073783,0.841789667896679
0.6354788069073783,0.8424815498154982
0.6357927786499215,0.8424815498154982
0.6357927786499215,0.8431734317343174
0.6361067503924647,0.8431734317343174
0.6361067503924647,0.8436346863468634
0.6376766091051805,0.8436346863468634
0.6376766091051805,0.8447878228782287
0.6386185243328101,0.8447878228782287
0.6386185243328101,0.8450184501845018
0.6389324960753532,0.8450184501845018
0.6389324960753532,0.8461715867158671
0.6392464678178964,0.8461715867158671
0.6392464678178964,0.8466328413284133
0.6401883830455259,0.8466328413284133
0.6401883830455259,0.8468634686346863
0.6408163265306123,0.8468634686346863
0.6408163265306123,0.8487084870848709
0.6417582417582418,0.8487084870848709
0.6417582417582418,0.8494003690036901
0.6430141287284145,0.8494003690036901
0.6430141287284145,0.8498616236162362
0.6445839874411303,0.8498616236162362
0.6445839874411303,0.8500922509225092
0.6452119309262166,0.8500922509225092
0.6452119309262166,0.8505535055350554
0.6464678178963893,0.8505535055350554
0.6464678178963893,0.8507841328413284
0.6474097331240188,0.8507841328413284
0.6474097331240188,0.8512453874538746
0.6477237048665621,0.8512453874538746
0.6477237048665621,0.8514760147601476
0.6480376766091052,0.8514760147601476
0.6480376766091052,0.8519372693726938
0.6492935635792778,0.8519372693726938
0.6492935635792778,0.8521678966789668
0.649607535321821,0.8521678966789668
0.649607535321821,0.852629151291513
0.6524332810047095,0.852629151291513
0.6524332810047095,0.852859778597786
0.6540031397174254,0.852859778597786
0.6540031397174254,0.8547047970479705
0.6552590266875982,0.8547047970479705
0.6552590266875982,0.8549354243542435
0.6558869701726845,0.8549354243542435
0.6558869701726845,0.8558579335793358
0.6577708006279435,0.8558579335793358
0.6577708006279435,0.8560885608856088
0.658712715855573,0.8560885608856088
0.658712715855573,0.856549815498155
0.6596546310832025,0.856549815498155
0.6596546310832025,0.856780442804428
0.660596546310832,0.856780442804428
0.660596546310832,0.8570110701107011
0.6612244897959184,0.8570110701107011
0.6612244897959184,0.8572416974169742
0.6615384615384615,0.8572416974169742
0.6615384615384615,0.8574723247232472
0.6624803767660911,0.8574723247232472
0.6624803767660911,0.8577029520295203
0.6634222919937206,0.8577029520295203
0.6634222919937206,0.8581642066420664
0.6637362637362637,0.8581642066420664
0.6637362637362637,0.8586254612546126
0.66436420722135,0.8586254612546126
0.66436420722135,0.8588560885608856
0.6649921507064365,0.8588560885608856
0.6649921507064365,0.8590867158671587
0.6653061224489796,0.8590867158671587
0.6653061224489796,0.8593173431734318
0.6668759811616954,0.8593173431734318
0.6668759811616954,0.8595479704797048
0.6675039246467818,0.8595479704797048
0.6675039246467818,0.860009225092251
0.669701726844584,0.860009225092251
0.669701726844584,0.860239852398524
0.6700156985871272,0.860239852398524
0.6700156985871272,0.8609317343173432
0.6706436420722135,0.8609317343173432
0.6706436420722135,0.8613929889298892
0.671585557299843,0.8613929889298892
0.671585557299843,0.8616236162361623
0.6722135007849294,0.8616236162361623
0.6722135007849294,0.8618542435424354
0.6725274725274726,0.8618542435424354
0.6725274725274726,0.8627767527675276
0.6728414442700157,0.8627767527675276
0.6728414442700157,0.8630073800738007
0.6731554160125589,0.8630073800738007
0.6731554160125589,0.8632380073800738
0.6756671899529042,0.8632380073800738
0.6756671899529042,0.864160516605166
0.6762951334379905,0.864160516605166
0.6762951334379905,0.8643911439114391
0.6766091051805337,0.8643911439114391
0.6766091051805337,0.8648523985239852
0.676923076923077,0.8648523985239852
0.676923076923077,0.8650830258302583
0.6772370486656201,0.8650830258302583
0.6772370486656201,0.8662361623616236
0.6775510204081633,0.8662361623616236
0.6775510204081633,0.8664667896678967
0.6788069073783359,0.8664667896678967
0.6788069073783359,0.8666974169741697
0.6794348508634223,0.8666974169741697
0.6794348508634223,0.8671586715867159
0.6816326530612244,0.8671586715867159
0.6816326530612244,0.8673892988929889
0.6822605965463109,0.8673892988929889
0.6822605965463109,0.8685424354243543
0.6832025117739403,0.8685424354243543
0.6832025117739403,0.8692343173431735
0.6835164835164835,0.8692343173431735
0.6835164835164835,0.8694649446494465
0.6838304552590266,0.8694649446494465
0.6838304552590266,0.8701568265682657
0.6847723704866562,0.8701568265682657
0.6847723704866562,0.8703874538745388
0.6850863422291994,0.8703874538745388
0.6850863422291994,0.8706180811808119
0.6860282574568289,0.8706180811808119
0.6860282574568289,0.871309963099631
0.6866562009419153,0.871309963099631
0.6866562009419153,0.8717712177121771
0.6872841444270016,0.8717712177121771
0.6872841444270016,0.8720018450184502
0.6879120879120879,0.8720018450184502
0.6879120879120879,0.8726937269372693
0.6882260596546311,0.8726937269372693
0.6882260596546311,0.8729243542435424
0.6888540031397175,0.8729243542435424
0.6888540031397175,0.8731549815498155
0.6891679748822606,0.8731549815498155
0.6891679748822606,0.8733856088560885
0.689795918367347,0.8733856088560885
0.689795918367347,0.8736162361623616
0.6910518053375196,0.8736162361623616
0.6910518053375196,0.8738468634686347
0.6913657770800627,0.8738468634686347
0.6913657770800627,0.8745387453874539
0.691679748822606,0.8745387453874539
0.691679748822606,0.875
0.6926216640502355,0.875
0.6926216640502355,0.8752306273062731
0.6932496075353218,0.8752306273062731
0.6932496075353218,0.8756918819188192
0.6941915227629514,0.8756918819188192
0.6941915227629514,0.8766143911439115
0.6945054945054945,0.8766143911439115
0.6945054945054945,0.8768450184501845
0.6948194662480377,0.8768450184501845
0.6948194662480377,0.8773062730627307
0.6960753532182103,0.8773062730627307
0.6960753532182103,0.8775369003690037
0.697331240188383,0.8775369003690037
0.697331240188383,0.8779981549815498
0.6979591836734694,0.8779981549815498
0.6979591836734694,0.878920664206642
0.6982731554160125,0.878920664206642
0.6982731554160125,0.8793819188191881
0.6989010989010989,0.8793819188191881
0.6989010989010989,0.8796125461254612
0.6992150706436421,0.8796125461254612
0.6992150706436421,0.8798431734317343
0.6995290423861853,0.8798431734317343
0.6995290423861853,0.8803044280442804
0.7007849293563579,0.8803044280442804
0.7007849293563579,0.8819188191881919
0.701098901098901,0.8819188191881919
0.701098901098901,0.882380073800738
0.7020408163265306,0.882380073800738
0.7020408163265306,0.8828413284132841
0.7023547880690738,0.8828413284132841
0.7023547880690738,0.8833025830258303
0.7032967032967034,0.8833025830258303
0.7032967032967034,0.8837638376383764
0.7036106750392465,0.8837638376383764
0.7036106750392465,0.8839944649446494
0.7039246467817897,0.8839944649446494
0.7039246467817897,0.8842250922509225
0.7048665620094191,0.8842250922509225
0.7048665620094191,0.8844557195571956
0.7054945054945055,0.8844557195571956
0.7054945054945055,0.8846863468634686
0.7061224489795919,0.8846863468634686
0.7061224489795919,0.8856088560885609
0.706436420722135,0.8856088560885609
0.706436420722135,0.885839483394834
0.7067503924646782,0.885839483394834
0.7067503924646782,0.8863007380073801
0.7073783359497645,0.8863007380073801
0.7073783359497645,0.8865313653136532
0.7076923076923077,0.8865313653136532
0.7076923076923077,0.8867619926199262
0.7080062794348508,0.8867619926199262
0.7080062794348508,0.8874538745387454
0.7086342229199372,0.8874538745387454
0.7086342229199372,0.8879151291512916
0.7111459968602826,0.8879151291512916
0.7111459968602826,0.8881457564575646
0.7127158555729984,0.8881457564575646
0.7127158555729984,0.8886070110701108
0.7130298273155417,0.8886070110701108
0.7130298273155417,0.8892988929889298
0.7139717425431711,0.8892988929889298
0.7139717425431711,0.8895295202952029
0.7142857142857143,0.8895295202952029
0.7142857142857143,0.889990774907749
0.7145996860282574,0.889990774907749
0.7145996860282574,0.8902214022140221
0.715541601255887,0.8902214022140221
0.715541601255887,0.8904520295202952
0.7158555729984302,0.8904520295202952
0.7158555729984302,0.8909132841328413
0.7161695447409733,0.8909132841328413
0.7161695447409733,0.8913745387453874
0.7164835164835165,0.8913745387453874
0.7164835164835165,0.8918357933579336
0.7177394034536891,0.8918357933579336
0.7177394034536891,0.8920664206642066
0.7180533751962324,0.8920664206642066
0.7180533751962324,0.8922970479704797
0.7183673469387755,0.8922970479704797
0.7183673469387755,0.8927583025830258
0.7189952904238619,0.8927583025830258
0.7189952904238619,0.893450184501845
0.719309262166405,0.893450184501845
0.719309262166405,0.8939114391143912
0.7199372056514913,0.8939114391143912
0.7199372056514913,0.8941420664206642
0.7208791208791209,0.8941420664206642
0.7208791208791209,0.8943726937269373
0.7215070643642072,0.8943726937269373
0.7215070643642072,0.8946033210332104
0.7218210361067504,0.8946033210332104
0.7218210361067504,0.8957564575645757
0.7221350078492935,0.8957564575645757
0.7221350078492935,0.8959870848708487
0.7224489795918367,0.8959870848708487
0.7224489795918367,0.8962177121771218
0.72276295133438,0.8962177121771218
0.72276295133438,0.896909594095941
0.7233908948194663,0.896909594095941
0.7233908948194663,0.897370848708487
0.7255886970172685,0.897370848708487
0.7255886970172685,0.8976014760147601
0.726530612244898,0.8976014760147601
0.726530612244898,0.8978321033210332
0.7271585557299843,0.8978321033210332
0.7271585557299843,0.8980627306273062
0.7287284144427002,0.8980627306273062
0.7287284144427002,0.8985239852398524
0.7290423861852433,0.8985239852398524
0.7290423861852433,0.8987546125461254
0.7293563579277865,0.8987546125461254
0.7293563579277865,0.8992158671586716
0.7296703296703296,0.8992158671586716
0.7296703296703296,0.8994464944649446
0.7302982731554161,0.8994464944649446
0.7302982731554161,0.9003690036900369
0.7306122448979592,0.9003690036900369
0.7306122448979592,0.9005996309963099
0.7309262166405024,0.9005996309963099
0.7309262166405024,0.9012915129151291
0.7312401883830455,0.9012915129151291
0.7312401883830455,0.9015221402214022
0.7315541601255887,0.9015221402214022
0.7315541601255887,0.9022140221402214
0.7318681318681318,0.9022140221402214
0.7318681318681318,0.9026752767527675
0.732182103610675,0.9026752767527675
0.732182103610675,0.9029059040590406
0.7324960753532183,0.9029059040590406
0.7324960753532183,0.9031365313653137
0.7331240188383046,0.9031365313653137
0.7331240188383046,0.9035977859778598
0.7337519623233909,0.9035977859778598
0.7337519623233909,0.9038284132841329
0.734065934065934,0.9038284132841329
0.734065934065934,0.9040590405904059
0.7343799058084772,0.9040590405904059
0.7343799058084772,0.904289667896679
0.7346938775510204,0.904289667896679
0.7346938775510204,0.9047509225092251
0.7350078492935636,0.9047509225092251
0.7350078492935636,0.9052121771217713
0.7359497645211931,0.9052121771217713
0.7359497645211931,0.9054428044280443
0.7365777080062794,0.9054428044280443
0.7365777080062794,0.9056734317343174
0.7372056514913657,0.9056734317343174
0.7372056514913657,0.9059040590405905
0.7378335949764521,0.9059040590405905
0.7378335949764521,0.9063653136531366
0.7384615384615385,0.9063653136531366
0.7384615384615385,0.9065959409594095
0.7390894819466248,0.9065959409594095
0.7390894819466248,0.9068265682656826
0.7394034536891679,0.9068265682656826
0.7394034536891679,0.9070571955719557
0.7397174254317112,0.9070571955719557
0.7397174254317112,0.9072878228782287
0.7403453689167975,0.9072878228782287
0.7403453689167975,0.9075184501845018
0.741287284144427,0.9075184501845018
0.741287284144427,0.9077490774907749
0.7416012558869701,0.9077490774907749
0.7416012558869701,0.908210332103321
0.7428571428571429,0.908210332103321
0.7428571428571429,0.9107472324723247
0.7434850863422292,0.9107472324723247
0.7434850863422292,0.9109778597785978
0.7441130298273155,0.9109778597785978
0.7441130298273155,0.9119003690036901
0.7447409733124019,0.9119003690036901
0.7447409733124019,0.9123616236162362
0.7450549450549451,0.9123616236162362
0.7450549450549451,0.9128228782287823
0.7475667189952904,0.9128228782287823
0.7475667189952904,0.9130535055350554
0.7485086342229199,0.9130535055350554
0.7485086342229199,0.9132841328413284
0.7488226059654631,0.9132841328413284
0.7488226059654631,0.9135147601476015
0.7494505494505495,0.9135147601476015
0.7494505494505495,0.9142066420664207
0.7497645211930927,0.9142066420664207
0.7497645211930927,0.9146678966789668
0.750392464678179,0.9146678966789668
0.750392464678179,0.915129151291513
0.7507064364207221,0.915129151291513
0.7507064364207221,0.915359778597786
0.7510204081632653,0.915359778597786
0.7510204081632653,0.915590405904059
0.7516483516483516,0.915590405904059
0.7516483516483516,0.9158210332103321
0.7525902668759812,0.9158210332103321
0.7525902668759812,0.9165129151291513
0.7538461538461538,0.9165129151291513
0.7538461538461538,0.9167435424354243
0.7544740973312402,0.9167435424354243
0.7544740973312402,0.9172047970479705
0.7551020408163265,0.9172047970479705
0.7551020408163265,0.9174354243542435
0.7557299843014129,0.9174354243542435
0.7557299843014129,0.9176660516605166
0.7582417582417582,0.9176660516605166
0.7582417582417582,0.9178966789667896
0.7591836734693878,0.9178966789667896
0.7591836734693878,0.9183579335793358
0.759497645211931,0.9183579335793358
0.759497645211931,0.9188191881918819
0.7604395604395604,0.9188191881918819
0.7604395604395604,0.919280442804428
0.7616954474097332,0.919280442804428
0.7616954474097332,0.9195110701107011
0.7623233908948195,0.9195110701107011
0.7623233908948195,0.9199723247232472
0.7626373626373626,0.9199723247232472
0.7626373626373626,0.9204335793357934
0.7629513343799058,0.9204335793357934
0.7629513343799058,0.9206642066420664
0.7635792778649921,0.9206642066420664
0.7635792778649921,0.9215867158671587
0.7638932496075354,0.9215867158671587
0.7638932496075354,0.9218173431734318
0.7645211930926217,0.9218173431734318
0.7645211930926217,0.9220479704797048
0.765149136577708,0.9220479704797048
0.765149136577708,0.9222785977859779
0.7654631083202512,0.9222785977859779
0.7654631083202512,0.922509225092251
0.7664050235478806,0.922509225092251
0.7664050235478806,0.922739852398524
0.7667189952904239,0.922739852398524
0.7667189952904239,0.9229704797047971
0.7670329670329671,0.9229704797047971
0.7670329670329671,0.9232011070110702
0.7673469387755102,0.9232011070110702
0.7673469387755102,0.9234317343173432
0.7676609105180534,0.9234317343173432
0.7676609105180534,0.9236623616236163
0.7679748822605965,0.9236623616236163
0.7679748822605965,0.9238929889298892
0.7695447409733124,0.9238929889298892
0.7695447409733124,0.9241236162361623
0.7698587127158556,0.9241236162361623
0.7698587127158556,0.9243542435424354
0.7701726844583987,0.9243542435424354
0.7701726844583987,0.9245848708487084
0.7711145996860282,0.9245848708487084
0.7711145996860282,0.9248154981549815
0.7714285714285715,0.9248154981549815
0.7714285714285715,0.9252767527675276
0.7723704866562009,0.9252767527675276
0.7723704866562009,0.9257380073800738
0.7726844583987441,0.9257380073800738
0.7726844583987441,0.9259686346863468
0.77425431711146,0.9259686346863468
0.77425431711146,0.9261992619926199
0.7764521193092622,0.9261992619926199
0.7764521193092622,0.926429889298893
0.7767660910518054,0.926429889298893
0.7767660910518054,0.9268911439114391
0.7777080062794348,0.9268911439114391
0.7777080062794348,0.9282749077490775
0.7792778649921507,0.9282749077490775
0.7792778649921507,0.9285055350553506
0.7805337519623234,0.9285055350553506
0.7805337519623234,0.9287361623616236
0.7830455259026687,0.9287361623616236
0.7830455259026687,0.9289667896678967
0.7836734693877551,0.9289667896678967
0.7836734693877551,0.9294280442804428
0.7861852433281005,0.9294280442804428
0.7861852433281005,0.9303505535055351
0.7868131868131868,0.9303505535055351
0.7868131868131868,0.9305811808118081
0.78712715855573,0.9305811808118081
0.78712715855573,0.9308118081180812
0.7874411302982731,0.9308118081180812
0.7874411302982731,0.9310424354243543
0.7877551020408163,0.9310424354243543
0.7877551020408163,0.9312730627306273
0.7883830455259027,0.9312730627306273
0.7883830455259027,0.9315036900369004
0.7893249607535322,0.9315036900369004
0.7893249607535322,0.9317343173431735
0.7899529042386185,0.9317343173431735
0.7899529042386185,0.9319649446494465
0.7902668759811617,0.9319649446494465
0.7902668759811617,0.9321955719557196
0.7905808477237048,0.9321955719557196
0.7905808477237048,0.9324261992619927
0.7908948194662481,0.9324261992619927
0.7908948194662481,0.9333487084870848
0.7921507064364207,0.9333487084870848
0.7921507064364207,0.933579335793358
0.7924646781789639,0.933579335793358
0.7924646781789639,0.933809963099631
0.7937205651491366,0.933809963099631
0.7937205651491366,0.9347324723247232
0.7940345368916798,0.9347324723247232
0.7940345368916798,0.9349630996309963
0.7946624803767661,0.9349630996309963
0.7946624803767661,0.9351937269372693
0.7956043956043956,0.9351937269372693
0.7956043956043956,0.9354243542435424
0.796232339089482,0.9354243542435424
0.796232339089482,0.9356549815498155
0.7965463108320251,0.9356549815498155
0.7965463108320251,0.9358856088560885
0.7978021978021979,0.9358856088560885
0.7978021978021979,0.9361162361623616
0.798116169544741,0.9361162361623616
0.798116169544741,0.9365774907749077
0.7984301412872842,0.9365774907749077
0.7984301412872842,0.9368081180811808
0.7996860282574568,0.9368081180811808
0.7996860282574568,0.9372693726937269
0.8003139717425432,0.9372693726937269
0.8003139717425432,0.9375
0.8009419152276295,0.9375
0.8009419152276295,0.9377306273062731
0.8015698587127159,0.9377306273062731
0.8015698587127159,0.9379612546125461
0.8034536891679749,0.9379612546125461
0.8034536891679749,0.9381918819188192
0.8047095761381475,0.9381918819188192
0.8047095761381475,0.9384225092250923
0.8056514913657771,0.9384225092250923
0.8056514913657771,0.9391143911439115
0.8069073783359497,0.9391143911439115
0.8069073783359497,0.9393450184501845
0.8075353218210362,0.9393450184501845
0.8075353218210362,0.9398062730627307
0.8084772370486656,0.9398062730627307
0.8084772370486656,0.9407287822878229
0.8094191522762951,0.9407287822878229
0.8094191522762951,0.940959409594096
0.8119309262166405,0.940959409594096
0.8119309262166405,0.941190036900369
0.8125588697017269,0.941190036900369
0.8125588697017269,0.9416512915129152
0.81287284144427,0.9416512915129152
0.81287284144427,0.9418819188191881
0.8131868131868132,0.9418819188191881
0.8131868131868132,0.9421125461254612
0.8135007849293564,0.9421125461254612
0.8135007849293564,0.9425738007380073
0.8153846153846154,0.9425738007380073
0.8153846153846154,0.9428044280442804
0.816640502354788,0.9428044280442804
0.816640502354788,0.9434963099630996
0.8169544740973312,0.9434963099630996
0.8169544740973312,0.9441881918819188
0.8178963893249608,0.9441881918819188
0.8178963893249608,0.9444188191881919
0.8188383045525902,0.9444188191881919
0.8188383045525902,0.9446494464944649
0.8194662480376766,0.9446494464944649
0.8194662480376766,0.9462638376383764
0.8207221350078493,0.9462638376383764
0.8207221350078493,0.9464944649446494
0.8222919937205652,0.9464944649446494
0.8222919937205652,0.9467250922509225
0.8226059654631083,0.9467250922509225
0.8226059654631083,0.9469557195571956
0.8232339089481947,0.9469557195571956
0.8232339089481947,0.9471863468634686
0.823861852433281,0.9471863468634686
0.823861852433281,0.9474169741697417
0.8241758241758241,0.9474169741697417
0.8241758241758241,0.9476476014760148
0.82574568288854,0.9476476014760148
0.82574568288854,0.9478782287822878
0.8260596546310832,0.9478782287822878
0.8260596546310832,0.9481088560885609
0.8263736263736263,0.9481088560885609
0.8263736263736263,0.948570110701107
0.8266875981161695,0.948570110701107
0.8266875981161695,0.9492619926199262
0.8270015698587128,0.9492619926199262
0.8270015698587128,0.9494926199261993
0.8273155416012559,0.9494926199261993
0.8273155416012559,0.9499538745387454
0.8288854003139717,0.9499538745387454
0.8288854003139717,0.9501845018450185
0.829199372056515,0.9501845018450185
0.829199372056515,0.9504151291512916
0.8295133437990581,0.9504151291512916
0.8295133437990581,0.9508763837638377
0.8304552590266876,0.9508763837638377
0.8304552590266876,0.9511070110701108
0.8313971742543171,0.9511070110701108
0.8313971742543171,0.9520295202952029
0.8320251177394035,0.9520295202952029
0.8320251177394035,0.952260147601476
0.8326530612244898,0.952260147601476
0.8326530612244898,0.952490774907749
0.8332810047095761,0.952490774907749
0.8332810047095761,0.9527214022140221
0.8383045525902669,0.9527214022140221
0.8383045525902669,0.9529520295202952
0.8392464678178964,0.9529520295202952
0.8392464678178964,0.9534132841328413
0.8405023547880691,0.9534132841328413
0.8405023547880691,0.9536439114391144
0.8408163265306122,0.9536439114391144
0.8408163265306122,0.9538745387453874
0.8411302982731554,0.9538745387453874
0.8411302982731554,0.9543357933579336
0.8414442700156985,0.9543357933579336
0.8414442700156985,0.9545664206642066
0.842072213500785,0.9545664206642066
0.842072213500785,0.9547970479704797
0.8427001569858713,0.9547970479704797
0.8427001569858713,0.9554889298892989
0.8452119309262166,0.9554889298892989
0.8452119309262166,0.955719557195572
0.8461538461538461,0.955719557195572
0.8461538461538461,0.9561808118081181
0.8464678178963894,0.9561808118081181
0.8464678178963894,0.9564114391143912
0.8470957613814757,0.9564114391143912
0.8470957613814757,0.9573339483394834
0.847723704866562,0.9573339483394834
0.847723704866562,0.9575645756457565
0.8486656200941916,0.9575645756457565
0.8486656200941916,0.9577952029520295
0.8508634222919937,0.9577952029520295
0.8508634222919937,0.9580258302583026
0.8511773940345368,0.9580258302583026
0.8511773940345368,0.9584870848708487
0.8514913657770801,0.9584870848708487
0.8514913657770801,0.9587177121771218
0.8518053375196233,0.9587177121771218
0.8518053375196233,0.9589483394833949
0.8527472527472527,0.9589483394833949
0.8527472527472527,0.9591789667896679
0.8530612244897959,0.9591789667896679
0.8530612244897959,0.959640221402214
0.8549450549450549,0.959640221402214
0.8549450549450549,0.9601014760147601
0.8552590266875981,0.9601014760147601
0.8552590266875981,0.9603321033210332
0.8577708006279435,0.9603321033210332
0.8577708006279435,0.9607933579335793
0.8580847723704866,0.9607933579335793
0.8580847723704866,0.9610239852398524
0.858712715855573,0.9610239852398524
0.858712715855573,0.9612546125461254
0.8590266875981162,0.9612546125461254
0.8590266875981162,0.9614852398523985
0.8593406593406593,0.9614852398523985
0.8593406593406593,0.9617158671586716
0.8599686028257457,0.9617158671586716
0.8599686028257457,0.9619464944649446
0.8602825745682888,0.9619464944649446
0.8602825745682888,0.9621771217712177
0.8615384615384616,0.9621771217712177
0.8615384615384616,0.9628690036900369
0.8640502354788069,0.9628690036900369
0.8640502354788069,0.9630996309963099
0.8646781789638932,0.9630996309963099
0.8646781789638932,0.9635608856088561
0.8649921507064364,0.9635608856088561
0.8649921507064364,0.9637915129151291
0.865934065934066,0.9637915129151291
0.865934065934066,0.9642527675276753
0.8662480376766091,0.9642527675276753
0.8662480376766091,0.9644833948339483
0.8671899529042386,0.9644833948339483
0.8671899529042386,0.9647140221402214
0.8681318681318682,0.9647140221402214
0.8681318681318682,0.9649446494464945
0.8690737833594977,0.9649446494464945
0.8690737833594977,0.9651752767527675
0.8693877551020408,0.9651752767527675
0.8693877551020408,0.9654059040590406
0.869701726844584,0.9654059040590406
0.869701726844584,0.9658671586715867
0.8703296703296703,0.9658671586715867
0.8703296703296703,0.9660977859778598
0.871585557299843,0.9660977859778598
0.871585557299843,0.9663284132841329
0.8722135007849293,0.9663284132841329
0.8722135007849293,0.966789667896679
0.8747252747252747,0.966789667896679
0.8747252747252747,0.9670202952029521
0.8750392464678179,0.9670202952029521
0.8750392464678179,0.9674815498154982
0.8766091051805337,0.9674815498154982
0.8766091051805337,0.9681734317343174
0.8772370486656201,0.9681734317343174
0.8772370486656201,0.9684040590405905
0.8781789638932496,0.9684040590405905
0.8781789638932496,0.9690959409594095
0.878806907378336,0.9690959409594095
0.878806907378336,0.9693265682656826
0.8794348508634223,0.9693265682656826
0.8794348508634223,0.9697878228782287
0.8803767660910518,0.9697878228782287
0.8803767660910518,0.9700184501845018
0.880690737833595,0.9700184501845018
0.880690737833595,0.9702490774907749
0.8810047095761382,0.9702490774907749
0.8810047095761382,0.9704797047970479
0.8816326530612245,0.9704797047970479
0.8816326530612245,0.970710332103321
0.8828885400313972,0.970710332103321
0.8828885400313972,0.9709409594095941
0.8835164835164835,0.9709409594095941
0.8835164835164835,0.9714022140221402
0.8838304552590267,0.9714022140221402
0.8838304552590267,0.9716328413284133
0.8841444270015698,0.9716328413284133
0.8841444270015698,0.9725553505535055
0.884458398744113,0.9725553505535055
0.884458398744113,0.9727859778597786
0.8854003139717426,0.9727859778597786
0.8854003139717426,0.9730166051660517
0.8863422291993721,0.9730166051660517
0.8863422291993721,0.9737084870848709
0.8875981161695448,0.9737084870848709
0.8875981161695448,0.9744003690036901
0.8879120879120879,0.9744003690036901
0.8879120879120879,0.9748616236162362
0.8891679748822606,0.9748616236162362
0.8891679748822606,0.9750922509225092
0.8910518053375196,0.9750922509225092
0.8910518053375196,0.9753228782287823
0.8916797488226059,0.9753228782287823
0.8916797488226059,0.9755535055350554
0.8919937205651491,0.9755535055350554
0.8919937205651491,0.9757841328413284
0.8926216640502355,0.9757841328413284
0.8926216640502355,0.9760147601476015
0.8932496075353218,0.9760147601476015
0.8932496075353218,0.9769372693726938
0.8938775510204081,0.9769372693726938
0.8938775510204081,0.9771678966789668
0.8951334379905809,0.9771678966789668
0.8951334379905809,0.977629151291513
0.8960753532182104,0.977629151291513
0.8960753532182104,0.977859778597786
0.8963893249607535,0.977859778597786
0.8963893249607535,0.978090405904059
0.8970172684458398,0.978090405904059
0.8970172684458398,0.9783210332103321
0.8989010989010989,0.9783210332103321
0.8989010989010989,0.9785516605166051
0.9001569858712716,0.9785516605166051
0.9001569858712716,0.9787822878228782
0.902668759811617,0.9787822878228782
0.902668759811617,0.9794741697416974
0.9032967032967033,0.9794741697416974
0.9032967032967033,0.9797047970479705
0.9039246467817896,0.9797047970479705
0.9039246467817896,0.9801660516605166
0.9051805337519623,0.9801660516605166
0.9051805337519623,0.9803966789667896
0.9080062794348509,0.9803966789667896
0.9080062794348509,0.9806273062730627
0.9095761381475668,0.9806273062730627
0.9095761381475668,0.9810885608856088
0.9108320251177394,0.9810885608856088
0.9108320251177394,0.981549815498155
0.9111459968602825,0.981549815498155
0.9111459968602825,0.981780442804428
0.9114599686028257,0.981780442804428
0.9114599686028257,0.9820110701107011
0.9124018838304553,0.9820110701107011
0.9124018838304553,0.9822416974169742
0.9136577708006279,0.9822416974169742
0.9136577708006279,0.9824723247232472
0.9145996860282575,0.9824723247232472
0.9145996860282575,0.9827029520295203
0.9180533751962323,0.9827029520295203
0.9180533751962323,0.9829335793357934
0.9183673469387755,0.9829335793357934
0.9183673469387755,0.9831642066420664
0.9189952904238619,0.9831642066420664
0.9189952904238619,0.9833948339483395
0.9196232339089482,0.9833948339483395
0.9196232339089482,0.9838560885608856
0.9218210361067504,0.9838560885608856
0.9218210361067504,0.9840867158671587
0.9246467817896389,0.9840867158671587
0.9246467817896389,0.9845479704797048
0.9259026687598116,0.9845479704797048
0.9259026687598116,0.9847785977859779
0.9287284144427002,0.9847785977859779
0.9287284144427002,0.985009225092251
0.930298273155416,0.985009225092251
0.930298273155416,0.985239852398524
0.9315541601255887,0.985239852398524
0.9315541601255887,0.9854704797047971
0.932182103610675,0.9854704797047971
0.932182103610675,0.9857011070110702
0.9340659340659341,0.9857011070110702
0.9340659340659341,0.9861623616236163
0.9350078492935636,0.9861623616236163
0.9350078492935636,0.9863929889298892
0.9362637362637363,0.9863929889298892
0.9362637362637363,0.9866236162361623
0.9390894819466248,0.9866236162361623
0.9390894819466248,0.9868542435424354
0.9403453689167975,0.9868542435424354
0.9403453689167975,0.9870848708487084
0.9409733124018839,0.9870848708487084
0.9409733124018839,0.9875461254612546
0.941287284144427,0.9875461254612546
0.941287284144427,0.9877767527675276
0.9437990580847724,0.9877767527675276
0.9437990580847724,0.9880073800738007
0.9444270015698587,0.9880073800738007
0.9444270015698587,0.9884686346863468
0.945054945054945,0.9884686346863468
0.945054945054945,0.988929889298893
0.9466248037676609,0.988929889298893
0.9466248037676609,0.989160516605166
0.9475667189952904,0.989160516605166
0.9475667189952904,0.9893911439114391
0.94850863422292,0.9893911439114391
0.94850863422292,0.9896217712177122
0.9488226059654631,0.9896217712177122
0.9488226059654631,0.9900830258302583
0.9516483516483516,0.9900830258302583
0.9516483516483516,0.9903136531365314
0.952276295133438,0.9903136531365314
0.952276295133438,0.9907749077490775
0.9525902668759811,0.9907749077490775
0.9525902668759811,0.9910055350553506
0.9535321821036107,0.9910055350553506
0.9535321821036107,0.9912361623616236
0.9544740973312402,0.9912361623616236
0.9544740973312402,0.9914667896678967
0.9551020408163265,0.9914667896678967
0.9551020408163265,0.9916974169741697
0.9566718995290424,0.9916974169741697
0.9566718995290424,0.9919280442804428
0.957613814756672,0.9919280442804428
0.957613814756672,0.9923892988929889
0.9585557299843014,0.9923892988929889
0.9585557299843014,0.9930811808118081
0.9588697017268446,0.9930811808118081
0.9588697017268446,0.9933118081180812
0.9591836734693877,0.9933118081180812
0.9591836734693877,0.9935424354243543
0.9604395604395605,0.9935424354243543
0.9604395604395605,0.9937730627306273
0.9664050235478807,0.9937730627306273
0.9664050235478807,0.9940036900369004
0.9667189952904238,0.9940036900369004
0.9667189952904238,0.9942343173431735
0.9704866562009419,0.9942343173431735
0.9704866562009419,0.9944649446494465
0.9720565149136577,0.9944649446494465
0.9720565149136577,0.9946955719557196
0.972370486656201,0.9946955719557196
0.972370486656201,0.9949261992619927
0.9745682888540032,0.9949261992619927
0.9745682888540032,0.9951568265682657
0.9751962323390895,0.9951568265682657
0.9751962323390895,0.9953874538745388
0.9755102040816327,0.9953874538745388
0.9755102040816327,0.9956180811808119
0.9770800627943486,0.9956180811808119
0.9770800627943486,0.9958487084870848
0.978021978021978,0.9958487084870848
0.978021978021978,0.996079335793358
0.9795918367346939,0.996079335793358
0.9795918367346939,0.996309963099631
0.9805337519623234,0.996309963099631
0.9805337519623234,0.996540590405904
0.9861852433281004,0.996540590405904
0.9861852433281004,0.9967712177121771
0.9864992150706436,0.9967712177121771
0.9864992150706436,0.9970018450184502
0.989010989010989,0.9970018450184502
0.989010989010989,0.9972324723247232
0.9893249607535322,0.9972324723247232
0.9893249607535322,0.9974630996309963
0.9896389324960754,0.9974630996309963
0.9896389324960754,0.9976937269372693
0.9899529042386185,0.9976937269372693
0.9899529042386185,0.9979243542435424
0.9902668759811617,0.9979243542435424
0.9902668759811617,0.9983856088560885
0.9915227629513343,0.9983856088560885
0.9915227629513343,0.9988468634686347
0.9927786499215071,0.9988468634686347
0.9927786499215071,0.9990774907749077
0.9934065934065934,0.9990774907749077
0.9934065934065934,0.9993081180811808
0.9974882260596546,0.9993081180811808
0.9974882260596546,0.9995387453874539
1.0,0.9995387453874539
1.0,1.0
